zip_level,zip_code,zip4,name,latitude,longitude
zip4,0060,0060,0060,18.161030,-66.924419
zip4,0061,0061,0061,18.293435,-67.127304
zip4,0062,0062,0062,18.053119,-67.153964
zip4,0063,0063,0063,18.266370,-66.506930
zip4,0064,0064,0064,18.260881,-66.699883
zip4,0065,0065,0065,18.031674,-66.781163
zip4,0066,0066,0066,18.013875,-67.037159
zip4,0067,0067,0067,18.244951,-66.993967
zip4,0068,0068,0068,18.338867,-66.969792
zip4,0069,0069,0069,18.405017,-66.374336
zip4,0070,0070,0070,18.018585,-65.909785
zip4,0071,0071,0071,18.231122,-65.755718
zip4,0072,0072,0072,18.235481,-66.419365
zip4,0073,0073,0073,18.129227,-66.139551
zip4,0074,0074,0074,18.346118,-65.816895
zip4,0075,0075,0075,18.012370,-66.262840
zip4,0076,0076,0076,18.072055,-65.905856
zip4,0077,0077,0077,18.214240,-65.884310
zip4,0078,0078,0078,18.020018,-66.146751
zip4,0079,0079,0079,18.067217,-66.488626
zip4,0080,0080,0080,18.345687,-64.921222
zip4,0082,0082,0082,17.737135,-64.692024
zip4,0083,0083,0083,18.335132,-64.751639
zip4,0084,0084,0084,17.720352,-64.849703
zip4,0085,0085,0085,17.726242,-64.789590
zip4,0090,0090,0090,18.456712,-66.088771
zip4,0091,0091,0091,18.430314,-66.055031
zip4,0092,0092,0092,18.373259,-66.063340
zip4,0093,0093,0093,18.417857,-66.117755
zip4,0094,0094,0094,18.433938,-66.230466
zip4,0095,0095,0095,18.332116,-66.177916
zip4,0096,0096,0096,18.391932,-66.111541
zip4,0097,0097,0097,18.328151,-65.985280
zip4,0098,0098,0098,18.362208,-65.950283
zip4,0100,0100,0100,42.419354,-72.106325
zip4,0101,0101,0101,42.119225,-72.202308
zip4,0102,0102,0102,42.463871,-72.915369
zip4,0103,0103,0103,42.071694,-72.949391
zip4,0104,0104,0104,42.220411,-72.640778
zip4,0105,0105,0105,42.201775,-72.460121
zip4,0106,0106,0106,42.327820,-72.667135
zip4,0107,0107,0107,42.059852,-72.771637
zip4,0108,0108,0108,42.162656,-72.739699
zip4,0109,0109,0109,42.412203,-72.775716
zip4,0110,0110,0110,42.090060,-72.568171
zip4,0111,0111,0111,42.121783,-72.511781
zip4,0112,0112,0112,42.118475,-72.489521
zip4,0114,0114,0114,42.102529,-72.590924
zip4,0115,0115,0115,42.153221,-72.510953
zip4,0120,0120,0120,42.478296,-73.252759
zip4,0122,0122,0122,42.433191,-73.178950
zip4,0123,0123,0123,42.182423,-73.367347
zip4,0124,0124,0124,42.694942,-73.091699
zip4,0125,0125,0125,42.149184,-73.126535
zip4,0126,0126,0126,42.676257,-73.229551
zip4,0127,0127,0127,42.508440,-73.054500
zip4,0130,0130,0130,42.628773,-72.592638
zip4,0133,0133,0133,42.578103,-72.881909
zip4,0134,0134,0134,42.687395,-72.748772
zip4,0135,0135,0135,42.431004,-72.345298
zip4,0136,0136,0136,42.685890,-72.912797
zip4,0137,0137,0137,42.605491,-72.720907
zip4,0138,0138,0138,42.590121,-72.397824
zip4,0142,0142,0142,42.601731,-71.817082
zip4,0143,0143,0143,42.677622,-71.878577
zip4,0144,0144,0144,42.578592,-71.986278
zip4,0145,0145,0145,42.483723,-72.015231
zip4,0146,0146,0146,42.600206,-71.703476
zip4,0147,0147,0147,42.671655,-72.048806
zip4,0150,0150,0150,42.367813,-71.681546
zip4,0151,0151,0151,42.040039,-71.745723
zip4,0152,0152,0152,42.358816,-71.863675
zip4,0153,0153,0153,42.296054,-72.100764
zip4,0154,0154,0154,42.423958,-71.923464
zip4,0155,0155,0155,42.072990,-72.028244
zip4,0156,0156,0156,42.438694,-71.772092
zip4,0157,0157,0157,42.049739,-71.903586
zip4,0158,0158,0158,42.267472,-71.608122
zip4,0159,0159,0159,42.133107,-71.763171
zip4,0160,0160,0160,42.277701,-71.820764
zip4,0161,0161,0161,42.315009,-71.938498
zip4,0170,0170,0170,42.304000,-71.442038
zip4,0171,0171,0171,42.494659,-71.512132
zip4,0172,0172,0172,42.260779,-71.473349
zip4,0173,0173,0173,42.491153,-71.277696
zip4,0174,0174,0174,42.205057,-71.489615
zip4,0175,0175,0175,42.342059,-71.546312
zip4,0176,0176,0176,42.283119,-71.356557
zip4,0177,0177,0177,42.371578,-71.405650
zip4,0180,0180,0180,42.508294,-71.176672
zip4,0181,0181,0181,42.637160,-71.157131
zip4,0182,0182,0182,42.671794,-71.497924
zip4,0183,0183,0183,42.768529,-71.069626
zip4,0184,0184,0184,42.698778,-71.140803
zip4,0185,0185,0185,42.640157,-71.325809
zip4,0186,0186,0186,42.843442,-71.016621
zip4,0187,0187,0187,42.605344,-71.224064
zip4,0188,0188,0188,42.597133,-71.448607
zip4,0189,0189,0189,42.461613,-71.136243
zip4,0190,0190,0190,42.469842,-70.961999
zip4,0191,0191,0191,42.855820,-70.946805
zip4,0192,0192,0192,42.676931,-71.006817
zip4,0193,0193,0193,42.656171,-70.826168
zip4,0194,0194,0194,42.582855,-70.765785
zip4,0195,0195,0195,42.805009,-70.866779
zip4,0196,0196,0196,42.534764,-70.964674
zip4,0197,0197,0197,42.520899,-70.898983
zip4,0198,0198,0198,42.631140,-70.894051
zip4,0201,0201,0201,42.064024,-71.476098
zip4,0202,0202,0202,42.186642,-71.126058
zip4,0203,0203,0203,42.065628,-71.238144
zip4,0204,0204,0204,42.019483,-71.217764
zip4,0205,0205,0205,42.152703,-71.376484
zip4,0206,0206,0206,42.176983,-70.794708
zip4,0207,0207,0207,42.121682,-71.101687
zip4,0208,0208,0208,42.154246,-71.252919
zip4,0209,0209,0209,42.063717,-71.330888
zip4,0210,0210,0210,42.360342,-71.057885
zip4,0211,0211,0211,42.341653,-71.080199
zip4,0212,0212,0212,42.374039,-71.031183
zip4,0213,0213,0213,42.277596,-71.145812
zip4,0214,0214,0214,42.398789,-71.124465
zip4,0215,0215,0215,42.402248,-71.015556
zip4,0216,0216,0216,42.248554,-71.003396
zip4,0217,0217,0217,42.464640,-71.061305
zip4,0218,0218,0218,42.215800,-70.977943
zip4,0219,0219,0219,42.162023,-70.950808
zip4,0220,0220,0220,42.349777,-71.055325
zip4,0221,0221,0221,42.351141,-71.044407
zip4,0230,0230,0230,42.072621,-71.029547
zip4,0232,0232,0232,41.975094,-70.978754
zip4,0233,0233,0233,42.052124,-70.705989
zip4,0234,0234,0234,41.867233,-70.891365
zip4,0235,0235,0235,42.077027,-70.801207
zip4,0236,0236,0236,41.885332,-70.623950
zip4,0237,0237,0237,42.024395,-71.042612
zip4,0238,0238,0238,42.078538,-70.939998
zip4,0242,0242,0242,42.446009,-71.226405
zip4,0244,0244,0244,42.318348,-71.135525
zip4,0245,0245,0245,42.394196,-71.239874
zip4,0246,0246,0246,42.331901,-71.240058
zip4,0247,0247,0247,42.400334,-71.178766
zip4,0248,0248,0248,42.297308,-71.296069
zip4,0249,0249,0249,42.356981,-71.299055
zip4,0253,0253,0253,41.760166,-70.627573
zip4,0254,0254,0254,41.704587,-70.546807
zip4,0255,0255,0255,41.691372,-70.614647
zip4,0256,0256,0256,41.444198,-70.615069
zip4,0257,0257,0257,41.768596,-70.729419
zip4,0258,0258,0258,41.258589,-70.004986
zip4,0260,0260,0260,41.661610,-70.293512
zip4,0263,0263,0263,41.747330,-70.071423
zip4,0264,0264,0264,41.694253,-70.074557
zip4,0265,0265,0265,42.053005,-70.201691
zip4,0266,0266,0266,41.732123,-70.337831
zip4,0267,0267,0267,41.674768,-70.239794
zip4,0270,0270,0270,41.789228,-71.063777
zip4,0271,0271,0271,41.740061,-71.003566
zip4,0272,0272,0272,41.709705,-71.147213
zip4,0273,0273,0273,41.685591,-70.805294
zip4,0274,0274,0274,41.638513,-70.979817
zip4,0276,0276,0276,41.893067,-71.244965
zip4,0277,0277,0277,41.828136,-71.067213
zip4,0278,0278,0278,41.924879,-71.129552
zip4,0279,0279,0279,41.613762,-71.087358
zip4,0280,0280,0280,41.441135,-71.762244
zip4,0281,0281,0281,41.666534,-71.637408
zip4,0282,0282,0282,41.758466,-71.732610
zip4,0283,0283,0283,41.493239,-71.742686
zip4,0284,0284,0284,41.498351,-71.282353
zip4,0285,0285,0285,41.810200,-71.623598
zip4,0286,0286,0286,41.920820,-71.430388
zip4,0287,0287,0287,41.459926,-71.520367
zip4,0288,0288,0288,41.707043,-71.432464
zip4,0289,0289,0289,41.515263,-71.636940
zip4,0290,0290,0290,41.817155,-71.426004
zip4,0291,0291,0291,41.865573,-71.509268
zip4,0292,0292,0292,41.774424,-71.499408
zip4,0303,0303,0303,43.021787,-71.328064
zip4,0304,0304,0304,42.972868,-71.842227
zip4,0305,0305,0305,42.828197,-71.455120
zip4,0306,0306,0306,42.744466,-71.488059
zip4,0307,0307,0307,42.986326,-71.691504
zip4,0308,0308,0308,42.867404,-71.789791
zip4,0310,0310,0310,43.021473,-71.451364
zip4,0311,0311,0311,42.925394,-71.516683
zip4,0321,0321,0321,44.052451,-71.462874
zip4,0322,0322,0322,43.637079,-71.777509
zip4,0323,0323,0323,43.200895,-71.347665
zip4,0324,0324,0324,43.130172,-71.908217
zip4,0325,0325,0325,43.658668,-71.482900
zip4,0326,0326,0326,43.776734,-71.860163
zip4,0327,0327,0327,43.308798,-71.853542
zip4,0328,0328,0328,43.861858,-71.928442
zip4,0329,0329,0329,43.123932,-71.110588
zip4,0330,0330,0330,43.223152,-71.556272
zip4,0343,0343,0343,42.978300,-72.301096
zip4,0344,0344,0344,43.010412,-71.965801
zip4,0345,0345,0345,42.930537,-72.046529
zip4,0346,0346,0346,42.935417,-72.450284
zip4,0347,0347,0347,42.776253,-72.317968
zip4,0356,0356,0356,44.338548,-71.810737
zip4,0357,0357,0357,44.892339,-71.216513
zip4,0358,0358,0358,44.204645,-71.747763
zip4,0359,0359,0359,45.133107,-71.251195
zip4,0360,0360,0360,43.177741,-72.323528
zip4,0374,0374,0374,43.624056,-72.096166
zip4,0375,0375,0375,43.707743,-72.221378
zip4,0376,0376,0376,43.798887,-72.114789
zip4,0377,0377,0377,43.932818,-72.039766
zip4,0378,0378,0378,44.064294,-71.882002
zip4,0380,0380,0380,43.071530,-70.804674
zip4,0381,0381,0381,44.062164,-71.258449
zip4,0382,0382,0382,43.183786,-70.961972
zip4,0383,0383,0383,42.965800,-70.997126
zip4,0384,0384,0384,44.186363,-71.189387
zip4,0385,0385,0385,43.062794,-70.954522
zip4,0386,0386,0386,43.302104,-70.984702
zip4,0387,0387,0387,43.581350,-71.043075
zip4,0388,0388,0388,43.282459,-71.149798
zip4,0389,0389,0389,43.601359,-71.182795
zip4,0390,0390,0390,43.237351,-70.707208
zip4,0391,0391,0391,43.131613,-70.638936
zip4,0400,0400,0400,43.486249,-70.679389
zip4,0401,0401,0401,43.889139,-69.970928
zip4,0402,0402,0402,43.407926,-70.902251
zip4,0403,0403,0403,43.888520,-70.333419
zip4,0404,0404,0404,43.416938,-70.522100
zip4,0405,0405,0405,44.197705,-70.883182
zip4,0406,0406,0406,43.631834,-70.747611
zip4,0407,0407,0407,43.568986,-70.399675
zip4,0408,0408,0408,44.189882,-70.717134
zip4,0409,0409,0409,43.637569,-70.899838
zip4,0410,0410,0410,43.668068,-70.290438
zip4,0411,0411,0411,43.761799,-70.202031
zip4,0421,0421,0421,44.359113,-70.869953
zip4,0422,0422,0422,43.960996,-70.134022
zip4,0423,0423,0423,44.521485,-70.211118
zip4,0424,0424,0424,44.049639,-70.167051
zip4,0425,0425,0425,44.412243,-70.189742
zip4,0426,0426,0426,44.600894,-70.925855
zip4,0427,0427,0427,44.082510,-70.521090
zip4,0428,0428,0428,44.086626,-70.011965
zip4,0429,0429,0429,44.630085,-70.255063
zip4,0433,0433,0433,44.374854,-69.751163
zip4,0434,0434,0434,44.218707,-69.490187
zip4,0435,0435,0435,44.400656,-69.487937
zip4,0436,0436,0436,44.320677,-69.954869
zip4,0440,0440,0440,44.989046,-68.283733
zip4,0441,0441,0441,45.430718,-69.033794
zip4,0442,0442,0442,45.116517,-69.110143
zip4,0443,0443,0443,44.603568,-68.915340
zip4,0444,0444,0444,45.560187,-69.324288
zip4,0445,0445,0445,45.450012,-68.562273
zip4,0446,0446,0446,45.692079,-68.833041
zip4,0447,0447,0447,45.725334,-69.762709
zip4,0448,0448,0448,45.388889,-68.101255
zip4,0449,0449,0449,45.387006,-67.808333
zip4,0453,0453,0453,43.895899,-69.833231
zip4,0454,0454,0454,44.042521,-69.487627
zip4,0455,0455,0455,44.009857,-69.419664
zip4,0456,0456,0456,43.785540,-69.837243
zip4,0457,0457,0457,43.965298,-69.745993
zip4,0460,0460,0460,44.613672,-68.468048
zip4,0461,0461,0461,45.134787,-67.214752
zip4,0462,0462,0462,44.731643,-67.818669
zip4,0463,0463,0463,44.640214,-68.237887
zip4,0464,0464,0464,44.528712,-68.286529
zip4,0465,0465,0465,44.805431,-67.066550
zip4,0466,0466,0466,45.194398,-67.705104
zip4,0467,0467,0467,45.062725,-67.169682
zip4,0468,0468,0468,44.984270,-67.698183
zip4,0469,0469,0469,44.759821,-67.252818
zip4,0473,0473,0473,46.241738,-67.974798
zip4,0474,0474,0474,45.904172,-68.105740
zip4,0475,0475,0475,46.588501,-68.175959
zip4,0476,0476,0476,46.087225,-68.627525
zip4,0477,0477,0477,47.124865,-69.018627
zip4,0478,0478,0478,47.088625,-68.048603
zip4,0484,0484,0484,44.267517,-69.122698
zip4,0485,0485,0485,44.147741,-68.861561
zip4,0486,0486,0486,44.225507,-69.293986
zip4,0490,0490,0490,44.535664,-69.597651
zip4,0491,0491,0491,44.478569,-69.059482
zip4,0492,0492,0492,45.131378,-69.844270
zip4,0493,0493,0493,45.375082,-70.643446
zip4,0494,0494,0494,45.550465,-70.284462
zip4,0495,0495,0495,44.780305,-69.821890
zip4,0496,0496,0496,44.909806,-70.829208
zip4,0497,0497,0497,44.972020,-70.638108
zip4,0498,0498,0498,44.598900,-69.315258
zip4,0499,0499,0499,44.659059,-70.155742
zip4,0500,0500,0500,43.672941,-72.383769
zip4,0503,0503,0503,44.014190,-72.239584
zip4,0504,0504,0504,44.256705,-72.198451
zip4,0505,0505,0505,43.747552,-72.320591
zip4,0506,0506,0506,43.483987,-72.566660
zip4,0507,0507,0507,43.905539,-72.404573
zip4,0508,0508,0508,43.492526,-72.449630
zip4,0509,0509,0509,43.641435,-72.550459
zip4,0510,0510,0510,43.162023,-72.488769
zip4,0514,0514,0514,43.287733,-72.652840
zip4,0515,0515,0515,43.344301,-72.472375
zip4,0516,0516,0516,43.323896,-72.812748
zip4,0520,0520,0520,42.865975,-73.144519
zip4,0525,0525,0525,43.119072,-73.132915
zip4,0526,0526,0526,42.999088,-73.118955
zip4,0530,0530,0530,42.856212,-72.676540
zip4,0534,0534,0534,43.131553,-72.900808
zip4,0535,0535,0535,42.787776,-73.033998
zip4,0536,0536,0536,42.958872,-72.963487
zip4,0540,0540,0540,44.467805,-73.219897
zip4,0543,0543,0543,44.495396,-73.165282
zip4,0544,0544,0544,44.551723,-73.230789
zip4,0545,0545,0545,44.826020,-72.757798
zip4,0546,0546,0546,44.459856,-72.934983
zip4,0547,0547,0547,44.814263,-73.072555
zip4,0548,0548,0548,44.391616,-73.228433
zip4,0549,0549,0549,44.131682,-73.309267
zip4,0560,0560,0560,44.276303,-72.614396
zip4,0564,0564,0564,44.176831,-72.406163
zip4,0565,0565,0565,44.688872,-72.584948
zip4,0566,0566,0566,44.523370,-72.609035
zip4,0567,0567,0567,44.084940,-72.482497
zip4,0568,0568,0568,44.448934,-72.387793
zip4,0570,0570,0570,43.642843,-72.936137
zip4,0573,0573,0573,43.981725,-73.332371
zip4,0574,0574,0574,43.654950,-73.324743
zip4,0575,0575,0575,43.999062,-73.159356
zip4,0576,0576,0576,43.937601,-73.069749
zip4,0577,0577,0577,43.872636,-73.275612
zip4,0581,0581,0581,44.409865,-71.979943
zip4,0582,0582,0582,44.430394,-71.848101
zip4,0583,0583,0583,44.529055,-72.243250
zip4,0584,0584,0584,44.829649,-71.839320
zip4,0585,0585,0585,44.531068,-71.943286
zip4,0586,0586,0586,44.325461,-72.229845
zip4,0587,0587,0587,44.856527,-72.031203
zip4,0590,0590,0590,44.700050,-71.701793
zip4,0600,0600,0600,41.837162,-72.734099
zip4,0601,0601,0601,41.755294,-72.959431
zip4,0602,0602,0602,42.002733,-73.078990
zip4,0603,0603,0603,41.937610,-73.376729
zip4,0604,0604,0604,41.771378,-72.494806
zip4,0605,0605,0605,41.837159,-73.005277
zip4,0606,0606,0606,41.950446,-72.965864
zip4,0607,0607,0607,41.997469,-72.301535
zip4,0608,0608,0608,41.885313,-72.364175
zip4,0609,0609,0609,41.930909,-73.101337
zip4,0610,0610,0610,41.751018,-72.760230
zip4,0611,0611,0611,41.757866,-72.605753
zip4,0612,0612,0612,41.790949,-72.667695
zip4,0622,0622,0622,41.694977,-72.195544
zip4,0623,0623,0623,41.789241,-71.904677
zip4,0624,0624,0624,41.631084,-72.250334
zip4,0625,0625,0625,41.847333,-71.984666
zip4,0626,0626,0626,41.907315,-71.862395
zip4,0627,0627,0627,41.885313,-72.208364
zip4,0628,0628,0628,41.971648,-72.022385
zip4,0632,0632,0632,41.340290,-72.102145
zip4,0633,0633,0633,41.686134,-72.019311
zip4,0634,0634,0634,41.373017,-72.052561
zip4,0635,0635,0635,41.330200,-72.210939
zip4,0636,0636,0636,41.532741,-72.028360
zip4,0637,0637,0637,41.374411,-71.890270
zip4,0638,0638,0638,41.596264,-71.833448
zip4,0639,0639,0639,41.268577,-71.986204
zip4,0640,0640,0640,41.293053,-72.794766
zip4,0641,0641,0641,41.561357,-72.350983
zip4,0642,0642,0642,41.453459,-72.680217
zip4,0643,0643,0643,41.329006,-72.697489
zip4,0644,0644,0644,41.460247,-72.580857
zip4,0645,0645,0645,41.538123,-72.614103
zip4,0646,0646,0646,41.222221,-73.053159
zip4,0647,0647,0647,41.381590,-72.825059
zip4,0648,0648,0648,41.435638,-73.247953
zip4,0649,0649,0649,41.467769,-72.806413
zip4,0651,0651,0651,41.347290,-72.924362
zip4,0652,0652,0652,41.354854,-73.008357
zip4,0660,0660,0660,41.190394,-73.193933
zip4,0661,0661,0661,41.243286,-73.216308
zip4,0670,0670,0670,41.565115,-73.015598
zip4,0671,0671,0671,41.605441,-72.979374
zip4,0675,0675,0675,41.767853,-73.314294
zip4,0676,0676,0676,41.695729,-73.208942
zip4,0677,0677,0677,41.591870,-73.414297
zip4,0678,0678,0678,41.660182,-73.049442
zip4,0679,0679,0679,41.605668,-73.168848
zip4,0680,0680,0680,41.439912,-73.389382
zip4,0681,0681,0681,41.436592,-73.476678
zip4,0682,0682,0682,41.175126,-73.270844
zip4,0683,0683,0683,41.068413,-73.651585
zip4,0684,0684,0684,41.165014,-73.502605
zip4,0685,0685,0685,41.109308,-73.426491
zip4,0687,0687,0687,41.306802,-73.500086
zip4,0688,0688,0688,41.190158,-73.358882
zip4,0689,0689,0689,41.259757,-73.432536
zip4,0690,0690,0690,41.101689,-73.555934
zip4,0700,0700,0700,40.867456,-74.272772
zip4,0701,0701,0701,40.862361,-74.165628
zip4,0702,0702,0702,40.834599,-73.973870
zip4,0703,0703,0703,40.785521,-74.326025
zip4,0704,0704,0704,40.829626,-74.228164
zip4,0705,0705,0705,40.858657,-74.390521
zip4,0706,0706,0706,40.606697,-74.306295
zip4,0707,0707,0707,40.815819,-74.086499
zip4,0708,0708,0708,40.695050,-74.293366
zip4,0709,0709,0709,40.663182,-74.350503
zip4,0710,0710,0710,40.753529,-74.181627
zip4,0711,0711,0711,40.707094,-74.186336
zip4,0720,0720,0720,40.666052,-74.202971
zip4,0730,0730,0730,40.703620,-74.075996
zip4,0731,0731,0731,40.724967,-74.032363
zip4,0740,0740,0740,40.980316,-74.382074
zip4,0741,0741,0741,41.136996,-74.582667
zip4,0742,0742,0742,41.174879,-74.394196
zip4,0743,0743,0743,41.017993,-74.507613
zip4,0744,0744,0744,40.969156,-74.303730
zip4,0745,0745,0745,41.117729,-74.265987
zip4,0746,0746,0746,41.197776,-74.580858
zip4,0747,0747,0747,40.940147,-74.241225
zip4,0748,0748,0748,41.077212,-74.367481
zip4,0750,0750,0750,40.936055,-74.184117
zip4,0751,0751,0751,40.900044,-74.221532
zip4,0752,0752,0752,40.927874,-74.169640
zip4,0760,0760,0760,40.874139,-74.050548
zip4,0762,0762,0762,40.961456,-73.940082
zip4,0763,0763,0763,40.884903,-73.962829
zip4,0764,0764,0764,40.997376,-73.955200
zip4,0765,0765,0765,40.937460,-74.069197
zip4,0766,0766,0766,40.899358,-74.011894
zip4,0767,0767,0767,40.917927,-73.955375
zip4,0770,0770,0770,40.346042,-74.078797
zip4,0771,0771,0771,40.240721,-74.042742
zip4,0772,0772,0772,40.259871,-74.249851
zip4,0773,0773,0773,40.139651,-74.194704
zip4,0774,0774,0774,40.421139,-74.258223
zip4,0775,0775,0775,40.359485,-74.253988
zip4,0776,0776,0776,40.368660,-74.002745
zip4,0780,0780,0780,40.970608,-74.524078
zip4,0782,0782,0782,41.059804,-74.956563
zip4,0783,0783,0783,40.728499,-74.794176
zip4,0784,0784,0784,40.861090,-74.828606
zip4,0785,0785,0785,40.783279,-74.803714
zip4,0786,0786,0786,41.059804,-74.812806
zip4,0787,0787,0787,41.043351,-74.618045
zip4,0788,0788,0788,40.754441,-75.000137
zip4,0790,0790,0790,40.700587,-74.370140
zip4,0792,0792,0792,40.678618,-74.558133
zip4,0793,0793,0793,40.755491,-74.686556
zip4,0794,0794,0794,40.782052,-74.592494
zip4,0795,0795,0795,40.841199,-74.491199
zip4,0796,0796,0796,40.768122,-74.492148
zip4,0797,0797,0797,40.695422,-74.402204
zip4,0798,0798,0798,40.828782,-74.415820
zip4,0800,0800,0800,39.760276,-74.878067
zip4,0801,0801,0801,39.811622,-74.498795
zip4,0802,0802,0802,40.066313,-74.696758
zip4,0803,0803,0803,39.630368,-74.777299
zip4,0804,0804,0804,40.031662,-74.692765
zip4,0805,0805,0805,39.702827,-74.245234
zip4,0806,0806,0806,39.712269,-75.224622
zip4,0807,0807,0807,39.541632,-75.442231
zip4,0808,0808,0808,39.854076,-74.654090
zip4,0809,0809,0809,39.635355,-75.322731
zip4,0810,0810,0810,39.931186,-75.092842
zip4,0811,0811,0811,39.974737,-75.056959
zip4,0820,0820,0820,39.464247,-74.481877
zip4,0821,0821,0821,39.117790,-74.816302
zip4,0822,0822,0822,39.348186,-74.549618
zip4,0823,0823,0823,39.384915,-74.639595
zip4,0824,0824,0824,39.055092,-74.786262
zip4,0825,0825,0825,39.037762,-74.918321
zip4,0826,0826,0826,38.984150,-74.847653
zip4,0827,0827,0827,39.270625,-74.792997
zip4,0830,0830,0830,39.426376,-75.244587
zip4,0831,0831,0831,39.548984,-75.190058
zip4,0832,0832,0832,39.615071,-75.028017
zip4,0833,0833,0833,39.433592,-74.738996
zip4,0834,0834,0834,39.285320,-75.117335
zip4,0835,0835,0835,39.459446,-75.295913
zip4,0836,0836,0836,39.478384,-74.974870
zip4,0840,0840,0840,39.352598,-74.467066
zip4,0850,0850,0850,40.446213,-74.659025
zip4,0851,0851,0851,40.167433,-74.459931
zip4,0852,0852,0852,40.102815,-74.351578
zip4,0853,0853,0853,40.356665,-74.869430
zip4,0854,0854,0854,40.376069,-74.661588
zip4,0855,0855,0855,40.434534,-74.923849
zip4,0856,0856,0856,40.300980,-74.849786
zip4,0860,0860,0860,40.227390,-74.745695
zip4,0861,0861,0861,40.212281,-74.728236
zip4,0862,0862,0862,40.163424,-74.632685
zip4,0863,0863,0863,40.264526,-74.769963
zip4,0864,0864,0864,40.018607,-74.586206
zip4,0869,0869,0869,40.222138,-74.617548
zip4,0870,0870,0870,40.076886,-74.209092
zip4,0872,0872,0872,39.910305,-74.184201
zip4,0873,0873,0873,39.872977,-74.288990
zip4,0874,0874,0874,40.081936,-74.062604
zip4,0875,0875,0875,39.797078,-74.248048
zip4,0880,0880,0880,40.595934,-74.623964
zip4,0881,0881,0881,40.600481,-74.482774
zip4,0882,0882,0882,40.517388,-74.870396
zip4,0883,0883,0883,40.321095,-74.417989
zip4,0884,0884,0884,40.487033,-74.679866
zip4,0885,0885,0885,40.549704,-74.468834
zip4,0886,0886,0886,40.575492,-74.972435
zip4,0887,0887,0887,40.512301,-74.533213
zip4,0888,0888,0888,40.693414,-75.108096
zip4,0889,0889,0889,40.538078,-74.576292
zip4,0890,0890,0890,40.454380,-74.481177
zip4,1000,1000,1000,40.724787,-73.983200
zip4,1001,1001,1001,40.740706,-73.990495
zip4,1002,1002,1002,40.788151,-73.963800
zip4,1003,1003,1003,40.837401,-73.940522
zip4,1004,1004,1004,40.857306,-73.929482
zip4,1006,1006,1006,40.761548,-73.958939
zip4,1007,1007,1007,40.772899,-73.955940
zip4,1010,1010,1010,40.760783,-73.977187
zip4,1011,1011,1011,40.759218,-73.978815
zip4,1012,1012,1012,40.779432,-73.949335
zip4,1015,1015,1015,40.758404,-73.972029
zip4,1016,1016,1016,40.751791,-73.977911
zip4,1017,1017,1017,40.752625,-73.975579
zip4,1019,1019,1019,40.751480,-73.995815
zip4,1027,1027,1027,40.708459,-74.010315
zip4,1028,1028,1028,40.714241,-74.015582
zip4,1030,1030,1030,40.582869,-74.108934
zip4,1031,1031,1031,40.581470,-74.180242
zip4,1045,1045,1045,40.840086,-73.909979
zip4,1046,1046,1046,40.860271,-73.850711
zip4,1047,1047,1047,40.819612,-73.866884
zip4,1050,1050,1050,41.430055,-73.589650
zip4,1051,1051,1051,41.159613,-73.792392
zip4,1052,1052,1052,41.373660,-73.922960
zip4,1053,1053,1053,41.270111,-73.662141
zip4,1054,1054,1054,41.379483,-73.749971
zip4,1055,1055,1055,40.918423,-73.826839
zip4,1056,1056,1056,41.340725,-73.601868
zip4,1057,1057,1057,41.402079,-73.839226
zip4,1058,1058,1058,40.991585,-73.799316
zip4,1059,1059,1059,41.287883,-73.808881
zip4,1060,1060,1060,41.035658,-73.766157
zip4,1070,1070,1070,40.957642,-73.880899
zip4,1071,1071,1071,40.969725,-73.847416
zip4,1080,1080,1080,40.945356,-73.783196
zip4,1090,1090,1090,41.141142,-74.128515
zip4,1091,1091,1091,41.397263,-74.226107
zip4,1092,1092,1092,41.366531,-74.346642
zip4,1093,1093,1093,41.365324,-74.124260
zip4,1094,1094,1094,41.457800,-74.409945
zip4,1095,1095,1095,41.319834,-74.178581
zip4,1096,1096,1096,41.455801,-74.551041
zip4,1097,1097,1097,41.383645,-74.471575
zip4,1098,1098,1098,41.226906,-74.042276
zip4,1099,1099,1099,41.264725,-74.371709
zip4,1100,1100,1100,40.715287,-73.709128
zip4,1101,1101,1101,40.704602,-73.675730
zip4,1102,1102,1102,40.796672,-73.734233
zip4,1103,1103,1103,40.791561,-73.687255
zip4,1104,1104,1104,40.745949,-73.678158
zip4,1105,1105,1105,40.842239,-73.701170
zip4,1109,1109,1109,40.630947,-73.749188
zip4,1110,1110,1110,40.764562,-73.917960
zip4,1120,1120,1120,40.675561,-73.884365
zip4,1121,1121,1121,40.713387,-73.945290
zip4,1122,1122,1122,40.599514,-73.957740
zip4,1123,1123,1123,40.618861,-73.920952
zip4,1124,1124,1124,40.716819,-73.960901
zip4,1135,1135,1135,40.773690,-73.816604
zip4,1136,1136,1136,40.756112,-73.750995
zip4,1137,1137,1137,40.753602,-73.894402
zip4,1138,1138,1138,40.692324,-73.889748
zip4,1141,1141,1141,40.678933,-73.845841
zip4,1142,1142,1142,40.723198,-73.743403
zip4,1143,1143,1143,40.674165,-73.781973
zip4,1145,1145,1145,40.700918,-73.796266
zip4,1150,1150,1150,40.746775,-73.637299
zip4,1151,1151,1151,40.750127,-73.610702
zip4,1152,1152,1152,40.643082,-73.580379
zip4,1153,1153,1153,40.723933,-73.635292
zip4,1154,1154,1154,40.851053,-73.611722
zip4,1155,1155,1155,40.709243,-73.595353
zip4,1156,1156,1156,40.590896,-73.637449
zip4,1157,1157,1157,40.798422,-73.640349
zip4,1158,1158,1158,40.669975,-73.705960
zip4,1159,1159,1159,40.755061,-73.579307
zip4,1169,1169,1169,40.575941,-73.852526
zip4,1170,1170,1170,40.733638,-73.255113
zip4,1171,1171,1171,40.773482,-73.123049
zip4,1172,1172,1172,40.754443,-73.324001
zip4,1173,1173,1173,40.712474,-73.168320
zip4,1174,1174,1174,40.844876,-73.389258
zip4,1175,1175,1175,40.890529,-73.247645
zip4,1176,1176,1176,40.929685,-72.984237
zip4,1177,1177,1177,40.762164,-72.997692
zip4,1178,1178,1178,40.863481,-73.195317
zip4,1179,1179,1179,40.819506,-73.497376
zip4,1180,1180,1180,40.779432,-73.487306
zip4,1190,1190,1190,40.919900,-72.667293
zip4,1193,1193,1193,40.995340,-72.187239
zip4,1194,1194,1194,40.858912,-72.793033
zip4,1195,1195,1195,41.044840,-71.927736
zip4,1196,1196,1196,40.899158,-72.879221
zip4,1197,1197,1197,40.826209,-72.663585
zip4,1198,1198,1198,40.837325,-72.927337
zip4,1200,1200,1200,42.692439,-74.048256
zip4,1201,1201,1201,42.934857,-74.159178
zip4,1202,1202,1202,42.979289,-73.859477
zip4,1203,1203,1203,42.333734,-73.544753
zip4,1204,1204,1204,42.708421,-74.554011
zip4,1205,1205,1205,42.757421,-74.136439
zip4,1206,1206,1206,42.599803,-73.656852
zip4,1207,1207,1207,42.422413,-74.390716
zip4,1208,1208,1208,42.431397,-73.977697
zip4,1209,1209,1209,42.496340,-74.655599
zip4,1210,1210,1210,43.472723,-74.442066
zip4,1211,1211,1211,43.160290,-74.257924
zip4,1212,1212,1212,42.543397,-74.305705
zip4,1213,1213,1213,42.735532,-73.346517
zip4,1214,1214,1214,42.620368,-74.564078
zip4,1215,1215,1215,42.678088,-74.271947
zip4,1216,1216,1216,42.415333,-74.598971
zip4,1217,1217,1217,42.560052,-74.574522
zip4,1218,1218,1218,42.832416,-73.683803
zip4,1219,1219,1219,42.528289,-74.037299
zip4,1220,1220,1220,42.687666,-73.863662
zip4,1221,1221,1221,42.688084,-73.764010
zip4,1222,1222,1222,42.682415,-73.824404
zip4,1230,1230,1230,42.821237,-73.978481
zip4,1240,1240,1240,41.818787,-74.244722
zip4,1241,1241,1241,42.064690,-74.449427
zip4,1242,1242,1242,42.147436,-74.117718
zip4,1243,1243,1243,42.215063,-74.490824
zip4,1244,1244,1244,42.225119,-74.256783
zip4,1245,1245,1245,42.040613,-74.254767
zip4,1246,1246,1246,42.444794,-74.251832
zip4,1247,1247,1247,42.303593,-74.568240
zip4,1248,1248,1248,42.142589,-74.369681
zip4,1249,1249,1249,42.326016,-74.261137
zip4,1250,1250,1250,42.065792,-73.610305
zip4,1251,1251,1251,42.103493,-73.548769
zip4,1252,1252,1252,42.171926,-73.581372
zip4,1253,1253,1253,41.545217,-73.800502
zip4,1254,1254,1254,41.530106,-74.244780
zip4,1255,1255,1255,41.477819,-74.064348
zip4,1256,1256,1256,41.612893,-74.331736
zip4,1257,1257,1257,41.964020,-73.843272
zip4,1258,1258,1258,41.613465,-74.142990
zip4,1259,1259,1259,41.588251,-73.897854
zip4,1260,1260,1260,41.715520,-73.889088
zip4,1270,1270,1270,41.655710,-74.693443
zip4,1271,1271,1271,41.479705,-74.890572
zip4,1272,1272,1272,41.963494,-74.555125
zip4,1273,1273,1273,41.524266,-74.799981
zip4,1274,1274,1274,41.888432,-74.465899
zip4,1275,1275,1275,41.905974,-74.804021
zip4,1276,1276,1276,41.863993,-74.681293
zip4,1277,1277,1277,41.965890,-74.945151
zip4,1278,1278,1278,41.442237,-74.709482
zip4,1279,1279,1279,41.587523,-74.540940
zip4,1280,1280,1280,43.235871,-73.465354
zip4,1281,1281,1281,43.880083,-74.391681
zip4,1282,1282,1282,43.230884,-73.880280
zip4,1283,1283,1283,43.133442,-73.502634
zip4,1284,1284,1284,44.019943,-74.556001
zip4,1285,1285,1285,43.820244,-73.994920
zip4,1286,1286,1286,43.211286,-73.331716
zip4,1287,1287,1287,43.450186,-74.032000
zip4,1288,1288,1288,43.843973,-73.506121
zip4,1290,1290,1290,44.711483,-73.505079
zip4,1291,1291,1291,44.437680,-73.890834
zip4,1292,1292,1292,44.239162,-74.784462
zip4,1293,1293,1293,44.863754,-73.841152
zip4,1294,1294,1294,44.253339,-73.902311
zip4,1295,1295,1295,44.954931,-73.642004
zip4,1296,1296,1296,44.726298,-74.091193
zip4,1297,1297,1297,44.551877,-73.568273
zip4,1298,1298,1298,44.401995,-73.974119
zip4,1299,1299,1299,44.365480,-73.861125
zip4,1302,1302,1302,42.897371,-76.561864
zip4,1303,1303,1303,43.032352,-75.806961
zip4,1304,1304,1304,42.603493,-76.200097
zip4,1305,1305,1305,42.469822,-76.260534
zip4,1306,1306,1306,43.330753,-76.401854
zip4,1307,1307,1307,42.576014,-76.396431
zip4,1308,1308,1308,43.641272,-75.988952
zip4,1309,1309,1309,42.658844,-76.424454
zip4,1310,1310,1310,42.969076,-76.334686
zip4,1311,1311,1311,43.466059,-76.237521
zip4,1312,1312,1312,43.446379,-76.460380
zip4,1313,1313,1313,43.418371,-76.086445
zip4,1314,1314,1314,43.071648,-76.705739
zip4,1315,1315,1315,42.777310,-76.045908
zip4,1316,1316,1316,42.926239,-76.895716
zip4,1320,1320,1320,43.053005,-76.177554
zip4,1321,1321,1321,42.993956,-76.223996
zip4,1322,1322,1322,43.033177,-76.102373
zip4,1324,1324,1324,43.016688,-76.118373
zip4,1329,1329,1329,43.073981,-76.175117
zip4,1330,1330,1330,43.447215,-75.349973
zip4,1331,1331,1331,43.436787,-75.738088
zip4,1332,1332,1332,43.326683,-74.962115
zip4,1333,1333,1333,43.507398,-74.958503
zip4,1334,1334,1334,43.743009,-75.332698
zip4,1335,1335,1335,43.463450,-74.711329
zip4,1336,1336,1336,43.112904,-74.900427
zip4,1340,1340,1340,42.967468,-74.935685
zip4,1341,1341,1341,43.190196,-74.950512
zip4,1342,1342,1342,43.634295,-74.974935
zip4,1343,1343,1343,42.852481,-74.990966
zip4,1344,1344,1344,43.205714,-75.476268
zip4,1345,1345,1345,43.037571,-74.640787
zip4,1346,1346,1346,42.688248,-75.595180
zip4,1347,1347,1347,43.216266,-74.679474
zip4,1348,1348,1348,43.473804,-75.520911
zip4,1349,1349,1349,42.866271,-75.191832
zip4,1350,1350,1350,43.134777,-75.162745
zip4,1360,1360,1360,43.919038,-75.903541
zip4,1361,1361,1361,43.983678,-75.621297
zip4,1362,1362,1362,44.553955,-74.925852
zip4,1363,1363,1363,44.094279,-75.825633
zip4,1364,1364,1364,44.300658,-75.446223
zip4,1365,1365,1365,43.733099,-75.877825
zip4,1366,1366,1366,44.675520,-75.441893
zip4,1367,1367,1367,44.555559,-74.711975
zip4,1368,1368,1368,44.397323,-75.030938
zip4,1369,1369,1369,44.756807,-74.800416
zip4,1373,1373,1373,42.288683,-75.516808
zip4,1374,1374,1374,42.277666,-74.743104
zip4,1375,1375,1375,42.087964,-75.429128
zip4,1376,1376,1376,42.143991,-76.055626
zip4,1377,1377,1377,42.343814,-75.778303
zip4,1378,1378,1378,41.987524,-75.255452
zip4,1379,1379,1379,42.549301,-75.128263
zip4,1380,1380,1380,42.457016,-76.074124
zip4,1381,1381,1381,42.235450,-76.170344
zip4,1382,1382,1382,42.094731,-76.276332
zip4,1383,1383,1383,42.389452,-76.170358
zip4,1384,1384,1384,42.611194,-75.681308
zip4,1385,1385,1385,42.149085,-75.184801
zip4,1386,1386,1386,42.064082,-75.618585
zip4,1390,1390,1390,42.124939,-75.846024
zip4,1400,1400,1400,42.627978,-79.016257
zip4,1401,1401,1401,42.839157,-78.307353
zip4,1402,1402,1402,42.982755,-78.206881
zip4,1403,1403,1403,42.980719,-78.380800
zip4,1404,1404,1404,42.468930,-78.490267
zip4,1405,1405,1405,42.774438,-78.601234
zip4,1406,1406,1406,42.433203,-79.247784
zip4,1407,1407,1407,42.704864,-78.841347
zip4,1408,1408,1408,42.640811,-78.547002
zip4,1409,1409,1409,43.164803,-78.704863
zip4,1410,1410,1410,43.188750,-78.416010
zip4,1411,1411,1411,42.579127,-78.894423
zip4,1412,1412,1412,43.071771,-78.824504
zip4,1413,1413,1413,42.713708,-78.532668
zip4,1414,1414,1414,42.521806,-78.701389
zip4,1415,1415,1415,42.987761,-78.909040
zip4,1416,1416,1416,42.747099,-78.322603
zip4,1417,1417,1417,42.412392,-78.657504
zip4,1420,1420,1420,42.880496,-78.812514
zip4,1421,1421,1421,42.807157,-78.821722
zip4,1422,1422,1422,42.938715,-78.742319
zip4,1426,1426,1426,43.001028,-78.768041
zip4,1430,1430,1430,43.113456,-78.990809
zip4,1441,1441,1441,43.231751,-78.205279
zip4,1442,1442,1442,42.939450,-77.839202
zip4,1443,1443,1443,42.618905,-77.732518
zip4,1444,1444,1444,43.114097,-77.488542
zip4,1445,1445,1445,43.086911,-77.422276
zip4,1446,1446,1446,43.303797,-77.850522
zip4,1447,1447,1447,42.954292,-77.574956
zip4,1448,1448,1448,42.854281,-77.633497
zip4,1450,1450,1450,43.159971,-77.170282
zip4,1451,1451,1451,42.647274,-77.381851
zip4,1452,1452,1452,42.679879,-76.794020
zip4,1453,1453,1453,42.963210,-76.999289
zip4,1454,1454,1454,42.763382,-76.840927
zip4,1455,1455,1455,43.183527,-77.818604
zip4,1456,1456,1456,42.742026,-78.162077
zip4,1457,1457,1457,42.559207,-77.565669
zip4,1458,1458,1458,43.226195,-77.167369
zip4,1459,1459,1459,43.239495,-76.835125
zip4,1460,1460,1460,43.167554,-77.640265
zip4,1461,1461,1461,43.243363,-77.666686
zip4,1462,1462,1462,43.106026,-77.684731
zip4,1464,1464,1464,43.122310,-77.625388
zip4,1470,1470,1470,42.110191,-78.540275
zip4,1471,1471,1471,42.337919,-78.164028
zip4,1472,1472,1472,42.282159,-79.085135
zip4,1473,1473,1473,42.338889,-78.427668
zip4,1474,1474,1474,42.192951,-78.599895
zip4,1475,1475,1475,42.243428,-78.831537
zip4,1476,1476,1476,42.056481,-79.523255
zip4,1477,1477,1477,42.160751,-78.977248
zip4,1478,1478,1478,42.285803,-79.370015
zip4,1480,1480,1480,42.109691,-77.295031
zip4,1481,1481,1481,42.254889,-77.995593
zip4,1482,1482,1482,42.221195,-77.265006
zip4,1483,1483,1483,42.488053,-77.012299
zip4,1484,1484,1484,42.208602,-76.838651
zip4,1485,1485,1485,42.406590,-76.474188
zip4,1486,1486,1486,42.352159,-76.613819
zip4,1487,1487,1487,42.047353,-76.913265
zip4,1488,1488,1488,42.247941,-76.529583
zip4,1489,1489,1489,42.094279,-77.957674
zip4,1490,1490,1490,42.082625,-76.793673
zip4,1500,1500,1500,40.602755,-80.298501
zip4,1501,1501,1501,40.777221,-80.332304
zip4,1502,1502,1502,40.428376,-80.440415
zip4,1503,1503,1503,40.274930,-79.851867
zip4,1504,1504,1504,40.640949,-79.931945
zip4,1505,1505,1505,40.362141,-80.221044
zip4,1506,1506,1506,40.565715,-79.708800
zip4,1507,1507,1507,40.407792,-80.182055
zip4,1508,1508,1508,40.232456,-79.748066
zip4,1509,1509,1509,40.628955,-80.051290
zip4,1510,1510,1510,40.492780,-80.180658
zip4,1511,1511,1511,40.541285,-79.977977
zip4,1512,1512,1512,40.461421,-80.288513
zip4,1513,1513,1513,40.469593,-80.100711
zip4,1514,1514,1514,40.566076,-80.148988
zip4,1520,1520,1520,40.437874,-80.096167
zip4,1521,1521,1521,40.419367,-79.994697
zip4,1522,1522,1522,40.439946,-79.872892
zip4,1523,1523,1523,40.472231,-79.782790
zip4,1524,1524,1524,40.346123,-80.082621
zip4,1526,1526,1526,40.444735,-79.956022
zip4,1527,1527,1527,40.453488,-80.183022
zip4,1528,1528,1528,40.435440,-79.990800
zip4,1529,1529,1529,40.457352,-80.019343
zip4,1530,1530,1530,40.157203,-80.237430
zip4,1531,1531,1531,40.272700,-80.166319
zip4,1532,1532,1532,39.878693,-80.004650
zip4,1533,1533,1533,40.194245,-80.078119
zip4,1534,1534,1534,39.925831,-80.033588
zip4,1535,1535,1535,39.773969,-80.381601
zip4,1536,1536,1536,39.947119,-80.296839
zip4,1537,1537,1537,39.881943,-80.161326
zip4,1538,1538,1538,39.872935,-80.471080
zip4,1540,1540,1540,39.892578,-79.732785
zip4,1541,1541,1541,39.761435,-79.361776
zip4,1542,1542,1542,40.043831,-79.584602
zip4,1543,1543,1543,39.787396,-79.613875
zip4,1544,1544,1544,39.866790,-79.664701
zip4,1545,1545,1545,39.763342,-79.477612
zip4,1546,1546,1546,39.943613,-79.432562
zip4,1547,1547,1547,39.789189,-79.801939
zip4,1548,1548,1548,40.006375,-79.751922
zip4,1549,1549,1549,40.063949,-79.419645
zip4,1550,1550,1550,40.040900,-79.152104
zip4,1551,1551,1551,39.963777,-79.039885
zip4,1552,1552,1552,39.938442,-78.525567
zip4,1553,1553,1553,39.932360,-78.321780
zip4,1554,1554,1554,39.866348,-79.066662
zip4,1555,1555,1555,40.044251,-78.668704
zip4,1556,1556,1556,40.083486,-78.909568
zip4,1560,1560,1560,40.334474,-79.523879
zip4,1561,1561,1561,40.564319,-79.531729
zip4,1562,1562,1562,40.039659,-79.329878
zip4,1563,1563,1563,40.433043,-79.614827
zip4,1564,1564,1564,40.326378,-79.712120
zip4,1565,1565,1565,40.256990,-79.269420
zip4,1566,1566,1566,40.156906,-79.517521
zip4,1567,1567,1567,40.403726,-79.428071
zip4,1568,1568,1568,40.142013,-79.337270
zip4,1569,1569,1569,40.643971,-79.514838
zip4,1570,1570,1570,40.630426,-79.165204
zip4,1571,1571,1571,40.449067,-79.240324
zip4,1572,1572,1572,40.722747,-78.874448
zip4,1573,1573,1573,40.724540,-79.225428
zip4,1574,1574,1574,40.525882,-78.983620
zip4,1575,1575,1575,40.859019,-78.735589
zip4,1576,1576,1576,40.951008,-79.095804
zip4,1577,1577,1577,40.858051,-78.957607
zip4,1578,1578,1578,40.960954,-78.987907
zip4,1580,1580,1580,41.099959,-78.743000
zip4,1582,1582,1582,41.181237,-79.135187
zip4,1583,1583,1583,41.461191,-78.258154
zip4,1584,1584,1584,41.219365,-78.569033
zip4,1585,1585,1585,41.399315,-78.800892
zip4,1586,1586,1586,41.314332,-78.467023
zip4,1587,1587,1587,41.602102,-78.595981
zip4,1590,1590,1590,40.344694,-78.914019
zip4,1592,1592,1592,40.067221,-78.800692
zip4,1593,1593,1593,40.180500,-78.919870
zip4,1594,1594,1594,40.377449,-78.629018
zip4,1595,1595,1595,40.343007,-78.739524
zip4,1596,1596,1596,40.215063,-78.777005
zip4,1600,1600,1600,40.866657,-79.878009
zip4,1602,1602,1602,40.949345,-79.740935
zip4,1603,1603,1603,40.835218,-80.101033
zip4,1604,1604,1604,41.070949,-79.670910
zip4,1605,1605,1605,40.725507,-79.812449
zip4,1606,1606,1606,41.017031,-79.894162
zip4,1610,1610,1610,40.995558,-80.319732
zip4,1611,1611,1611,41.505632,-80.313815
zip4,1612,1612,1612,41.387501,-80.378872
zip4,1613,1613,1613,41.224561,-80.237634
zip4,1614,1614,1614,41.227626,-80.439143
zip4,1615,1615,1615,41.312464,-80.430120
zip4,1616,1616,1616,41.200767,-80.492749
zip4,1617,1617,1617,41.117646,-80.330859
zip4,1620,1620,1620,40.803290,-79.490828
zip4,1621,1621,1621,40.914258,-79.557056
zip4,1622,1622,1622,40.707570,-79.545397
zip4,1623,1623,1623,41.228402,-79.540023
zip4,1624,1624,1624,41.018202,-79.440379
zip4,1625,1625,1625,41.123407,-79.454286
zip4,1626,1626,1626,40.838607,-79.642583
zip4,1630,1630,1630,41.439288,-79.640060
zip4,1631,1631,1631,41.542829,-79.963609
zip4,1632,1632,1632,41.424109,-79.855420
zip4,1633,1633,1633,41.640335,-80.147190
zip4,1634,1634,1634,41.945773,-79.080249
zip4,1635,1635,1635,41.628281,-79.677364
zip4,1636,1636,1636,41.813395,-79.215957
zip4,1637,1637,1637,41.235307,-79.787745
zip4,1640,1640,1640,41.751051,-79.891259
zip4,1641,1641,1641,41.943049,-80.299704
zip4,1642,1642,1642,42.178010,-79.867915
zip4,1643,1643,1643,41.874159,-79.483323
zip4,1644,1644,1644,41.967228,-79.980319
zip4,1647,1647,1647,41.873610,-80.357874
zip4,1650,1650,1650,42.089258,-80.096831
zip4,1651,1651,1651,42.135462,-79.972657
zip4,1654,1654,1654,42.103875,-80.053240
zip4,1655,1655,1655,42.133774,-80.084949
zip4,1656,1656,1656,42.118811,-79.985067
zip4,1660,1660,1660,40.543374,-78.367066
zip4,1661,1661,1661,40.563198,-78.088259
zip4,1662,1662,1662,40.288958,-78.498424
zip4,1663,1663,1663,40.664260,-78.461688
zip4,1664,1664,1664,40.453285,-78.339174
zip4,1665,1665,1665,40.511710,-77.993398
zip4,1666,1666,1666,40.178893,-78.481786
zip4,1667,1667,1667,40.207673,-78.256946
zip4,1668,1668,1668,40.662412,-78.208015
zip4,1669,1669,1669,40.475484,-78.203131
zip4,1670,1670,1670,41.870773,-78.842247
zip4,1672,1672,1672,41.553441,-77.982829
zip4,1673,1673,1673,41.652199,-78.762155
zip4,1674,1674,1674,41.783248,-78.298638
zip4,1675,1675,1675,41.890652,-78.287201
zip4,1680,1680,1680,40.791849,-77.865463
zip4,1682,1682,1682,40.927666,-77.741497
zip4,1683,1683,1683,41.028799,-78.520331
zip4,1684,1684,1684,40.919731,-77.904507
zip4,1685,1685,1685,40.998845,-78.220386
zip4,1686,1686,1686,40.881789,-78.151870
zip4,1687,1687,1687,40.757246,-78.073035
zip4,1688,1688,1688,41.038421,-78.313290
zip4,1690,1690,1690,41.739794,-77.342218
zip4,1691,1691,1691,41.759193,-77.951740
zip4,1692,1692,1692,41.694005,-77.649883
zip4,1693,1693,1693,41.568550,-77.270184
zip4,1694,1694,1694,41.845903,-77.690015
zip4,1695,1695,1695,41.885252,-77.531993
zip4,1700,1700,1700,40.356604,-76.559828
zip4,1701,1701,1701,40.181795,-77.210037
zip4,1702,1702,1702,40.408953,-77.312287
zip4,1703,1703,1703,40.486119,-76.833348
zip4,1704,1704,1704,40.335108,-77.357815
zip4,1705,1705,1705,40.550504,-77.478766
zip4,1706,1706,1706,40.764374,-77.467502
zip4,1707,1707,1707,40.480224,-77.168129
zip4,1708,1708,1708,40.697789,-77.150858
zip4,1709,1709,1709,40.341690,-77.180323
zip4,1710,1710,1710,40.249669,-76.863085
zip4,1711,1711,1711,40.344482,-76.811509
zip4,1712,1712,1712,40.265468,-76.882917
zip4,1720,1720,1720,39.932319,-77.672815
zip4,1721,1721,1721,40.244392,-77.726915
zip4,1722,1722,1722,39.777786,-77.739349
zip4,1723,1723,1723,39.885343,-78.020586
zip4,1724,1724,1724,40.172748,-77.486487
zip4,1725,1725,1725,40.041422,-77.481322
zip4,1726,1726,1726,39.784967,-77.548989
zip4,1727,1727,1727,40.097355,-77.791136
zip4,1730,1730,1730,39.940865,-77.253200
zip4,1731,1731,1731,40.012356,-76.886047
zip4,1732,1732,1732,39.841459,-77.218013
zip4,1733,1733,1733,39.800880,-76.965644
zip4,1734,1734,1734,39.773216,-77.101269
zip4,1735,1735,1735,39.888737,-77.077699
zip4,1736,1736,1736,39.869430,-76.857620
zip4,1737,1737,1737,40.115066,-76.772390
zip4,1740,1740,1740,39.985481,-76.673598
zip4,1750,1750,1750,40.108517,-76.676956
zip4,1751,1751,1751,40.038521,-76.486893
zip4,1752,1752,1752,40.178923,-76.161436
zip4,1753,1753,1753,39.852654,-76.288794
zip4,1754,1754,1754,40.164704,-76.372598
zip4,1755,1755,1755,40.111201,-76.518306
zip4,1756,1756,1756,39.869933,-76.173121
zip4,1757,1757,1757,39.996296,-76.166628
zip4,1758,1758,1758,39.991552,-76.451229
zip4,1760,1760,1760,40.033748,-76.309938
zip4,1770,1770,1770,41.203674,-77.068347
zip4,1772,1772,1772,41.648905,-76.808531
zip4,1773,1773,1773,41.294680,-76.669161
zip4,1774,1774,1774,41.243320,-77.341987
zip4,1775,1775,1775,41.360798,-76.544944
zip4,1776,1776,1776,41.334901,-77.757872
zip4,1777,1777,1777,41.416574,-77.085660
zip4,1780,1780,1780,40.832973,-76.755550
zip4,1781,1781,1781,41.039531,-76.435363
zip4,1782,1782,1782,40.972918,-76.647480
zip4,1783,1783,1783,40.973714,-76.937279
zip4,1784,1784,1784,40.854118,-77.137185
zip4,1785,1785,1785,41.057441,-76.972845
zip4,1786,1786,1786,40.698691,-76.911204
zip4,1787,1787,1787,40.762580,-76.688110
zip4,1788,1788,1788,40.897232,-76.899490
zip4,1790,1790,1790,40.692501,-76.366404
zip4,1792,1792,1792,40.588100,-76.112610
zip4,1793,1793,1793,40.659809,-76.502899
zip4,1794,1794,1794,40.679979,-76.588622
zip4,1795,1795,1795,40.741166,-76.129181
zip4,1796,1796,1796,40.568815,-76.401737
zip4,1797,1797,1797,40.605612,-76.199131
zip4,1798,1798,1798,40.900903,-76.231400
zip4,1801,1801,1801,40.868569,-75.188850
zip4,1802,1802,1802,40.675829,-75.336828
zip4,1803,1803,1803,40.796486,-75.482733
zip4,1804,1804,1804,40.687430,-75.245342
zip4,1805,1805,1805,40.926395,-75.510868
zip4,1806,1806,1806,40.654364,-75.727847
zip4,1807,1807,1807,40.838168,-75.568935
zip4,1808,1808,1808,40.744180,-75.593331
zip4,1809,1809,1809,40.466853,-75.515842
zip4,1810,1810,1810,40.609696,-75.501347
zip4,1819,1819,1819,40.584274,-75.624808
zip4,1820,1820,1820,40.955569,-76.022524
zip4,1821,1821,1821,41.001706,-75.559534
zip4,1822,1822,1822,41.037435,-75.965547
zip4,1823,1823,1823,40.834799,-75.720005
zip4,1824,1824,1824,40.976200,-76.107359
zip4,1825,1825,1825,40.851728,-75.984122
zip4,1830,1830,1830,41.067858,-75.190368
zip4,1832,1832,1832,41.195014,-75.178624
zip4,1833,1833,1833,41.332452,-74.895353
zip4,1834,1834,1834,41.147065,-75.504449
zip4,1835,1835,1835,40.916556,-75.327209
zip4,1836,1836,1836,40.963385,-75.252164
zip4,1837,1837,1837,41.048046,-75.347634
zip4,1840,1840,1840,41.604342,-75.118267
zip4,1841,1841,1841,41.499583,-75.743251
zip4,1842,1842,1842,41.226905,-75.550310
zip4,1843,1843,1843,41.562595,-75.259833
zip4,1844,1844,1844,41.333707,-75.507459
zip4,1845,1845,1845,41.419308,-74.894171
zip4,1846,1846,1846,41.878089,-75.465336
zip4,1847,1847,1847,41.529996,-75.695637
zip4,1850,1850,1850,41.411381,-75.678450
zip4,1851,1851,1851,41.438322,-75.591798
zip4,1860,1860,1860,41.094299,-76.245297
zip4,1861,1861,1861,41.505077,-76.474203
zip4,1862,1862,1862,41.408759,-76.392578
zip4,1863,1863,1863,41.020989,-76.233737
zip4,1864,1864,1864,41.333291,-75.780062
zip4,1865,1865,1865,41.525170,-75.971327
zip4,1866,1866,1866,41.090701,-75.747484
zip4,1870,1870,1870,41.204324,-75.836158
zip4,1880,1880,1880,41.835705,-75.931306
zip4,1881,1881,1881,41.922200,-76.020708
zip4,1882,1882,1882,41.740927,-75.762425
zip4,1883,1883,1883,41.668951,-76.551873
zip4,1884,1884,1884,41.759676,-76.491434
zip4,1885,1885,1885,41.855102,-76.491936
zip4,1890,1890,1890,40.325103,-75.135576
zip4,1891,1891,1891,40.283304,-75.214095
zip4,1892,1892,1892,40.272405,-75.067811
zip4,1893,1893,1893,40.354524,-74.991258
zip4,1894,1894,1894,40.426494,-75.164016
zip4,1895,1895,1895,40.456239,-75.336434
zip4,1896,1896,1896,40.331437,-75.334637
zip4,1897,1897,1897,40.204835,-75.080581
zip4,1898,1898,1898,40.265017,-75.027340
zip4,1900,1900,1900,40.130391,-75.089541
zip4,1901,1901,1901,39.860789,-75.406639
zip4,1902,1902,1902,40.111902,-74.937378
zip4,1903,1903,1903,40.117939,-75.224772
zip4,1904,1904,1904,40.175944,-74.912828
zip4,1905,1905,1905,40.158341,-74.851702
zip4,1906,1906,1906,39.919388,-75.386287
zip4,1907,1907,1907,39.987262,-75.423818
zip4,1908,1908,1908,39.968064,-75.301234
zip4,1909,1909,1909,40.146348,-75.125253
zip4,1910,1910,1910,39.950937,-75.170250
zip4,1911,1911,1911,40.086636,-75.034967
zip4,1912,1912,1912,39.970636,-75.146187
zip4,1913,1913,1913,40.009662,-75.048751
zip4,1914,1914,1914,39.922532,-75.172490
zip4,1915,1915,1915,39.882531,-75.231420
zip4,1930,1930,1930,40.051698,-75.482255
zip4,1931,1931,1931,39.857691,-75.604970
zip4,1932,1932,1932,39.973714,-75.827655
zip4,1933,1933,1933,39.882089,-75.917151
zip4,1934,1934,1934,40.091586,-75.836932
zip4,1935,1935,1935,39.772762,-75.834520
zip4,1936,1936,1936,39.794083,-76.004343
zip4,1937,1937,1937,39.909501,-75.530352
zip4,1938,1938,1938,39.955703,-75.618528
zip4,1939,1939,1939,39.844984,-75.828795
zip4,1940,1940,1940,40.128833,-75.380015
zip4,1942,1942,1942,40.179776,-75.430479
zip4,1943,1943,1943,40.272061,-75.380781
zip4,1944,1944,1944,40.247826,-75.292742
zip4,1945,1945,1945,40.217985,-75.259738
zip4,1946,1946,1946,40.195883,-75.670811
zip4,1947,1947,1947,40.257810,-75.487505
zip4,1949,1949,1949,40.295786,-75.520811
zip4,1950,1950,1950,40.458876,-76.139453
zip4,1951,1951,1951,40.315526,-75.711277
zip4,1952,1952,1952,40.548671,-76.026638
zip4,1953,1953,1953,40.524850,-75.764143
zip4,1954,1954,1954,40.388607,-75.778087
zip4,1955,1955,1955,40.487316,-75.946702
zip4,1956,1956,1956,40.400435,-76.210971
zip4,1960,1960,1960,40.342020,-75.881314
zip4,1961,1961,1961,40.335588,-75.962893
zip4,1970,1970,1970,39.534694,-75.674024
zip4,1971,1971,1971,39.714951,-75.740767
zip4,1972,1972,1972,39.630639,-75.622144
zip4,1973,1973,1973,39.379490,-75.643168
zip4,1980,1980,1980,39.766219,-75.563367
zip4,1981,1981,1981,39.815872,-75.505957
zip4,1990,1990,1990,39.172906,-75.534317
zip4,1993,1993,1993,38.728451,-75.599724
zip4,1994,1994,1994,39.017041,-75.582892
zip4,1995,1995,1995,38.539302,-75.560558
zip4,1996,1996,1996,38.850807,-75.355672
zip4,1997,1997,1997,38.631713,-75.588778
zip4,1998,1998,1998,39.073898,-75.569700
zip4,2000,2000,2000,38.914842,-77.051497
zip4,2001,2001,2001,38.932480,-77.092981
zip4,2002,2002,2002,38.855613,-76.974100
zip4,2003,2003,2003,38.815928,-77.024706
zip4,2004,2004,2004,38.896732,-77.030796
zip4,2005,2005,2005,38.909315,-77.075528
zip4,2006,2006,2006,38.937239,-76.999243
zip4,2010,2010,2010,38.702591,-78.019432
zip4,2011,2011,2011,38.704662,-77.442075
zip4,2012,2012,2012,38.800658,-77.408847
zip4,2013,2013,2013,39.076248,-77.883322
zip4,2014,2014,2014,38.920710,-77.931271
zip4,2015,2015,2015,38.905337,-77.484522
zip4,2016,2016,2016,38.983318,-77.445896
zip4,2017,2017,2017,39.119271,-77.574089
zip4,2018,2018,2018,38.678714,-77.799442
zip4,2019,2019,2019,38.854174,-77.763569
zip4,2020,2020,2020,38.885559,-77.014430
zip4,2022,2022,2022,38.897120,-77.034357
zip4,2023,2023,2023,38.893749,-77.035716
zip4,2024,2024,2024,38.894464,-77.042604
zip4,2025,2025,2025,38.885967,-77.032889
zip4,2026,2026,2026,38.883554,-77.025034
zip4,2031,2031,2031,38.939889,-77.011834
zip4,2037,2037,2037,38.862359,-77.008822
zip4,2038,2038,2038,38.872050,-76.995161
zip4,2039,2039,2039,38.878764,-76.993264
zip4,2040,2040,2040,38.892687,-77.022938
zip4,2041,2041,2041,38.892801,-77.047765
zip4,2042,2042,2042,38.926780,-77.010062
zip4,2043,2043,2043,38.898949,-77.044187
zip4,2051,2051,2051,38.886814,-77.008246
zip4,2052,2052,2052,38.894408,-77.048404
zip4,2053,2053,2053,38.894108,-77.024976
zip4,2054,2054,2054,38.941335,-77.028018
zip4,2055,2055,2055,38.892800,-77.045803
zip4,2056,2056,2056,38.890135,-77.022742
zip4,2059,2059,2059,38.886949,-77.022968
zip4,2060,2060,2060,38.623307,-76.917787
zip4,2061,2061,2061,38.644290,-76.757156
zip4,2062,2062,2062,38.328815,-76.774166
zip4,2063,2063,2063,38.526304,-76.783636
zip4,2064,2064,2064,38.524105,-77.167044
zip4,2065,2065,2065,38.380174,-76.444068
zip4,2066,2066,2066,38.431276,-77.189493
zip4,2067,2067,2067,38.512185,-76.584789
zip4,2068,2068,2068,38.433374,-76.544098
zip4,2069,2069,2069,38.468686,-77.087618
zip4,2070,2070,2070,39.082577,-76.879615
zip4,2071,2071,2071,38.794925,-76.646278
zip4,2072,2072,2072,39.024262,-76.782251
zip4,2073,2073,2073,38.761682,-76.893093
zip4,2074,2074,2074,38.809469,-76.955514
zip4,2075,2075,2075,38.734735,-76.660020
zip4,2076,2076,2076,38.811758,-76.872302
zip4,2077,2077,2077,38.798908,-76.783997
zip4,2078,2078,2078,38.933841,-76.899235
zip4,2079,2079,2079,39.152150,-76.788496
zip4,2081,2081,2081,38.986398,-77.122760
zip4,2083,2083,2083,39.141805,-77.407527
zip4,2084,2084,2084,39.197928,-77.350786
zip4,2085,2085,2085,39.076112,-77.160823
zip4,2086,2086,2086,39.148741,-77.009802
zip4,2087,2087,2087,39.194162,-77.252900
zip4,2088,2088,2088,39.210307,-77.146259
zip4,2089,2089,2089,39.020043,-77.075496
zip4,2090,2090,2090,39.078221,-77.007360
zip4,2091,2091,2091,38.987285,-77.018069
zip4,2100,2100,2100,39.458374,-76.149030
zip4,2101,2101,2101,39.540723,-76.329735
zip4,2102,2102,2102,39.204082,-76.961864
zip4,2103,2103,2103,39.647304,-76.219325
zip4,2104,2104,2104,39.237917,-76.852286
zip4,2105,2105,2105,39.585936,-76.403247
zip4,2106,2106,2106,39.162843,-76.601269
zip4,2107,2107,2107,39.186468,-76.740512
zip4,2108,2108,2108,39.453285,-76.385730
zip4,2109,2109,2109,39.440292,-76.643227
zip4,2110,2110,2110,39.679763,-76.836617
zip4,2111,2111,2111,39.570255,-76.587572
zip4,2112,2112,2112,39.118547,-76.508252
zip4,2113,2113,2113,39.694119,-76.417404
zip4,2114,2114,2114,39.111540,-76.674794
zip4,2115,2115,2115,39.583962,-77.011983
zip4,2116,2116,2116,39.663998,-76.562820
zip4,2120,2120,2120,39.324874,-76.544363
zip4,2121,2121,2121,39.339566,-76.610706
zip4,2122,2122,2122,39.235563,-76.652823
zip4,2123,2123,2123,39.367710,-76.505562
zip4,2124,2124,2124,39.328186,-76.784188
zip4,2125,2125,2125,39.392004,-76.609199
zip4,2128,2128,2128,39.417620,-76.571869
zip4,2140,2140,2140,38.981921,-76.527224
zip4,2150,2150,2150,39.630755,-78.711609
zip4,2152,2152,2152,39.554269,-79.054366
zip4,2153,2153,2153,39.617731,-79.058539
zip4,2154,2154,2154,39.689062,-78.872137
zip4,2155,2155,2155,39.595262,-78.544987
zip4,2156,2156,2156,39.491835,-79.139522
zip4,2160,2160,2160,38.787671,-76.064527
zip4,2161,2161,2161,39.059860,-76.028314
zip4,2162,2162,2162,38.846294,-75.867743
zip4,2163,2163,2163,38.736875,-75.792248
zip4,2164,2164,2164,38.643699,-75.884223
zip4,2165,2165,2165,38.571516,-75.785022
zip4,2166,2166,2166,39.189328,-75.851242
zip4,2167,2167,2167,38.650627,-76.054130
zip4,2170,2170,2170,39.430859,-77.422531
zip4,2171,2171,2171,39.518800,-77.698352
zip4,2172,2172,2172,39.654786,-77.913476
zip4,2173,2173,2173,39.268588,-77.022125
zip4,2174,2174,2174,39.643694,-77.739163
zip4,2175,2175,2175,39.349852,-77.634763
zip4,2176,2176,2176,39.448980,-77.563485
zip4,2177,2177,2177,39.430859,-77.151454
zip4,2178,2178,2178,39.615523,-77.482446
zip4,2179,2179,2179,39.534143,-77.255371
zip4,2180,2180,2180,38.334745,-75.554761
zip4,2181,2181,2181,38.321181,-75.234239
zip4,2182,2182,2182,38.101416,-75.377572
zip4,2183,2183,2183,38.018601,-75.719619
zip4,2184,2184,2184,38.252174,-75.297805
zip4,2185,2185,2185,38.191682,-75.710626
zip4,2186,2186,2186,38.195307,-75.407165
zip4,2187,2187,2187,38.096383,-75.749122
zip4,2189,2189,2189,38.154962,-75.702751
zip4,2190,2190,2190,39.572175,-76.046971
zip4,2191,2191,2191,39.678180,-76.093679
zip4,2192,2192,2192,39.617024,-75.854715
zip4,2193,2193,2193,39.373452,-75.889814
zip4,2200,2200,2200,38.847246,-77.219973
zip4,2201,2201,2201,38.773730,-77.279232
zip4,2202,2202,2202,38.577696,-77.329761
zip4,2203,2203,2203,38.799329,-77.347205
zip4,2204,2204,2204,38.875144,-77.185091
zip4,2206,2206,2206,38.993359,-77.296370
zip4,2207,2207,2207,38.676306,-77.211832
zip4,2210,2210,2210,38.946852,-77.189949
zip4,2212,2212,2212,38.900704,-77.330711
zip4,2213,2213,2213,38.535362,-77.422518
zip4,2215,2215,2215,38.775898,-77.213258
zip4,2217,2217,2217,38.574227,-77.394854
zip4,2218,2218,2218,38.920189,-77.273745
zip4,2219,2219,2219,38.658654,-77.315137
zip4,2220,2220,2220,38.879973,-77.117321
zip4,2221,2221,2221,38.896411,-77.161837
zip4,2230,2230,2230,38.747008,-77.085133
zip4,2231,2231,2231,38.780359,-77.128708
zip4,2240,2240,2240,38.306193,-77.491025
zip4,2242,2242,2242,38.068703,-77.302559
zip4,2243,2243,2243,37.777118,-76.845731
zip4,2244,2244,2244,38.180720,-76.985040
zip4,2245,2245,2245,37.850779,-76.827742
zip4,2246,2246,2246,37.873718,-76.598830
zip4,2247,2247,2247,37.882644,-76.444732
zip4,2248,2248,2248,38.268206,-77.181689
zip4,2250,2250,2250,37.743876,-76.480916
zip4,2251,2251,2251,37.985862,-76.502951
zip4,2252,2252,2252,38.110219,-76.764154
zip4,2253,2253,2253,38.152867,-77.189083
zip4,2254,2254,2254,37.954562,-77.465035
zip4,2255,2255,2255,38.198184,-77.708067
zip4,2256,2256,2256,37.915188,-76.934685
zip4,2257,2257,2257,37.968983,-76.742964
zip4,2258,2258,2258,38.128901,-77.454996
zip4,2260,2260,2260,39.224663,-78.222911
zip4,2261,2261,2261,39.179053,-77.990808
zip4,2262,2262,2262,39.273024,-78.098489
zip4,2263,2263,2263,38.896316,-78.216877
zip4,2264,2264,2264,38.959577,-78.557088
zip4,2265,2265,2265,38.758066,-78.348942
zip4,2266,2266,2266,38.890710,-78.527552
zip4,2270,2270,2270,38.429813,-78.018898
zip4,2271,2271,2271,38.523525,-78.281629
zip4,2272,2272,2272,38.395104,-78.308685
zip4,2273,2273,2273,38.473009,-78.170422
zip4,2274,2274,2274,38.592050,-78.273455
zip4,2280,2280,2280,38.459444,-78.869838
zip4,2281,2281,2281,38.363906,-78.999637
zip4,2282,2282,2282,38.467343,-79.082148
zip4,2283,2283,2283,38.671060,-78.454421
zip4,2284,2284,2284,38.365306,-79.159081
zip4,2285,2285,2285,38.557896,-78.491661
zip4,2290,2290,2290,38.006960,-78.566790
zip4,2291,2291,2291,38.091689,-78.396003
zip4,2292,2292,2292,37.960023,-78.807917
zip4,2293,2293,2293,38.140549,-78.698160
zip4,2294,2294,2294,38.093281,-78.233379
zip4,2295,2295,2295,37.938181,-78.971254
zip4,2296,2296,2296,37.830985,-78.269568
zip4,2297,2297,2297,37.965198,-78.284912
zip4,2298,2298,2298,38.103447,-78.859692
zip4,2300,2300,2300,37.753645,-77.489721
zip4,2301,2301,2301,37.943617,-77.649808
zip4,2302,2302,2302,37.742792,-78.259920
zip4,2303,2303,2303,37.362189,-77.160870
zip4,2304,2304,2304,37.525448,-78.207087
zip4,2305,2305,2305,37.711467,-77.576593
zip4,2306,2306,2306,37.727626,-77.990522
zip4,2307,2307,2307,37.294516,-76.480314
zip4,2308,2308,2308,37.329881,-78.117886
zip4,2309,2309,2309,37.983115,-78.053642
zip4,2310,2310,2310,37.644963,-77.721826
zip4,2311,2311,2311,37.634780,-77.270264
zip4,2312,2312,2312,37.407904,-77.791890
zip4,2313,2313,2313,37.551045,-77.932077
zip4,2314,2314,2314,37.474506,-77.056406
zip4,2315,2315,2315,37.507862,-77.252723
zip4,2316,2316,2316,37.726309,-76.933383
zip4,2317,2317,2317,37.659253,-76.617482
zip4,2318,2318,2318,37.326169,-76.744404
zip4,2319,2319,2319,37.823601,-77.670515
zip4,2321,2321,2321,37.541714,-77.437472
zip4,2322,2322,2322,37.561026,-77.445912
zip4,2323,2323,2323,37.447268,-77.355995
zip4,2325,2325,2325,37.508672,-77.323508
zip4,2328,2328,2328,37.545905,-77.451760
zip4,2329,2329,2329,37.619022,-77.531729
zip4,2330,2330,2330,37.825126,-75.614551
zip4,2331,2331,2331,36.730515,-76.844676
zip4,2332,2332,2332,36.721297,-76.287075
zip4,2333,2333,2333,37.919630,-75.359695
zip4,2334,2334,2334,37.342705,-75.955863
zip4,2335,2335,2335,37.508053,-75.877876
zip4,2338,2338,2338,37.661894,-75.835623
zip4,2339,2339,2339,37.977187,-75.451606
zip4,2340,2340,2340,37.412773,-75.929425
zip4,2341,2341,2341,37.687252,-75.776715
zip4,2342,2342,2342,37.548480,-75.762748
zip4,2343,2343,2343,36.842522,-76.533786
zip4,2344,2344,2344,37.912070,-75.563417
zip4,2345,2345,2345,36.724499,-76.020116
zip4,2346,2346,2346,36.819489,-76.165270
zip4,2348,2348,2348,36.853138,-76.694721
zip4,2350,2350,2350,36.894042,-76.283816
zip4,2351,2351,2351,36.941070,-76.298041
zip4,2352,2352,2352,36.829455,-76.271019
zip4,2355,2355,2355,36.925545,-76.289190
zip4,2360,2360,2360,37.085540,-76.493345
zip4,2365,2365,2365,37.021275,-76.302686
zip4,2366,2366,2366,37.078514,-76.363174
zip4,2368,2368,2368,37.100545,-76.385103
zip4,2369,2369,2369,37.192595,-76.465346
zip4,2370,2370,2370,36.857798,-76.373477
zip4,2380,2380,2380,37.165239,-77.441083
zip4,2382,2382,2382,37.018378,-77.993998
zip4,2383,2383,2383,37.292136,-77.538844
zip4,2384,2384,2384,36.680646,-77.497094
zip4,2385,2385,2385,36.661832,-76.934924
zip4,2386,2386,2386,37.286222,-77.219172
zip4,2387,2387,2387,36.975081,-77.763882
zip4,2388,2388,2388,37.178616,-76.952423
zip4,2389,2389,2389,36.836530,-76.837209
zip4,2390,2390,2390,37.294010,-78.406250
zip4,2391,2391,2391,36.671885,-78.358252
zip4,2392,2392,2392,36.814681,-78.434377
zip4,2393,2393,2393,36.938453,-78.506069
zip4,2394,2394,2394,37.031511,-78.489130
zip4,2395,2395,2395,37.099749,-78.382844
zip4,2396,2396,2396,37.195282,-78.807342
zip4,2397,2397,2397,37.001786,-78.207789
zip4,2401,2401,2401,37.269679,-79.957560
zip4,2402,2402,2402,37.356024,-79.938902
zip4,2405,2405,2405,36.612951,-80.520580
zip4,2406,2406,2406,37.486492,-79.686482
zip4,2407,2407,2407,37.372437,-80.210453
zip4,2408,2408,2408,36.894580,-80.067134
zip4,2409,2409,2409,36.903276,-80.311457
zip4,2410,2410,2410,37.184587,-79.808314
zip4,2411,2411,2411,36.736021,-79.805663
zip4,2412,2412,2412,37.436295,-80.327888
zip4,2413,2413,2413,37.574521,-80.221404
zip4,2414,2414,2414,36.603782,-79.938974
zip4,2415,2415,2415,37.283456,-80.125033
zip4,2416,2416,2416,37.138933,-80.248069
zip4,2417,2417,2417,37.310111,-79.764302
zip4,2418,2418,2418,37.080655,-79.744266
zip4,2420,2420,2420,36.684820,-82.222352
zip4,2421,2421,2421,36.737993,-82.008094
zip4,2422,2422,2422,37.001182,-82.139063
zip4,2423,2423,2423,36.654479,-81.754267
zip4,2424,2424,2424,36.740818,-82.806313
zip4,2425,2425,2425,36.710771,-82.601345
zip4,2426,2426,2426,36.673710,-83.112276
zip4,2427,2427,2427,36.744350,-83.018300
zip4,2428,2428,2428,36.657409,-83.334857
zip4,2429,2429,2429,37.007817,-82.571525
zip4,2430,2430,2430,37.053642,-80.792462
zip4,2431,2431,2431,37.042685,-81.337556
zip4,2432,2432,2432,36.658746,-80.702976
zip4,2433,2433,2433,36.691722,-80.955576
zip4,2434,2434,2434,36.640047,-81.192443
zip4,2435,2435,2435,36.812581,-81.537825
zip4,2436,2436,2436,36.623078,-81.420038
zip4,2437,2437,2437,36.932013,-81.556706
zip4,2438,2438,2438,36.945110,-81.087522
zip4,2440,2440,2440,38.142091,-79.067443
zip4,2441,2441,2441,38.498897,-79.551750
zip4,2442,2442,2442,37.764456,-80.052855
zip4,2443,2443,2443,38.063588,-79.407591
zip4,2444,2444,2444,38.231611,-78.806908
zip4,2445,2445,2445,37.776180,-79.528846
zip4,2446,2446,2446,38.018170,-79.657939
zip4,2447,2447,2447,37.955146,-79.315318
zip4,2448,2448,2448,38.178290,-79.767539
zip4,2450,2450,2450,37.377124,-79.130664
zip4,2451,2451,2451,37.139353,-79.227220
zip4,2452,2452,2452,37.633240,-79.081285
zip4,2453,2453,2453,36.842894,-79.465597
zip4,2454,2454,2454,36.646508,-79.474695
zip4,2455,2455,2455,37.556905,-78.831451
zip4,2456,2456,2456,36.849381,-79.188658
zip4,2457,2457,2457,36.929847,-78.964694
zip4,2458,2458,2458,37.261097,-79.097768
zip4,2459,2459,2459,36.694544,-78.902764
zip4,2460,2460,2460,37.113965,-81.695423
zip4,2461,2461,2461,37.316777,-82.031429
zip4,2462,2462,2462,37.446638,-82.026563
zip4,2463,2463,2463,37.168464,-81.464191
zip4,2464,2464,2464,37.088256,-81.921922
zip4,2465,2465,2465,37.061701,-81.507199
zip4,2470,2470,2470,37.301780,-81.202654
zip4,2471,2471,2471,37.486893,-81.206615
zip4,2472,2472,2472,37.520836,-81.299306
zip4,2473,2473,2473,37.384862,-80.969831
zip4,2474,2474,2474,37.412802,-81.148836
zip4,2480,2480,2480,37.326935,-81.407291
zip4,2481,2481,2481,37.380064,-81.767285
zip4,2482,2482,2482,37.750112,-81.668547
zip4,2483,2483,2483,37.585286,-81.768067
zip4,2484,2484,2484,37.491200,-81.768443
zip4,2485,2485,2485,37.431934,-81.520963
zip4,2486,2486,2486,37.259554,-81.612566
zip4,2487,2487,2487,37.738281,-81.504957
zip4,2488,2488,2488,37.289041,-81.559064
zip4,2489,2489,2489,37.294982,-81.704775
zip4,2490,2490,2490,37.865555,-80.489645
zip4,2491,2491,2491,37.734119,-80.667518
zip4,2492,2492,2492,38.592366,-79.731266
zip4,2493,2493,2493,38.326924,-79.876274
zip4,2494,2494,2494,38.205927,-80.278700
zip4,2495,2495,2495,38.237006,-79.989184
zip4,2496,2496,2496,38.037647,-80.312543
zip4,2497,2497,2497,37.696757,-80.515070
zip4,2498,2498,2498,37.773591,-80.263926
zip4,2499,2499,2499,38.013880,-80.486969
zip4,2500,2500,2500,38.229274,-81.753301
zip4,2501,2501,2501,38.248166,-81.485051
zip4,2502,2502,2502,37.828694,-81.777237
zip4,2503,2503,2503,38.613518,-81.916502
zip4,2504,2504,2504,38.440028,-81.008232
zip4,2505,2505,2505,38.031409,-81.842928
zip4,2506,2506,2506,38.578058,-80.878749
zip4,2507,2507,2507,38.468300,-81.478078
zip4,2508,2508,2508,38.162440,-81.168649
zip4,2509,2509,2509,37.959775,-81.635346
zip4,2510,2510,2510,38.225116,-81.639647
zip4,2511,2511,2511,38.557547,-81.014313
zip4,2512,2512,2512,38.697814,-81.876194
zip4,2513,2513,2513,38.480398,-81.125837
zip4,2514,2514,2514,37.846358,-81.508398
zip4,2515,2515,2515,38.513534,-81.790184
zip4,2516,2516,2516,38.557732,-81.850621
zip4,2517,2517,2517,38.376778,-81.852974
zip4,2518,2518,2518,38.721350,-82.009960
zip4,2519,2519,2519,38.015248,-81.551013
zip4,2520,2520,2520,37.879897,-81.661665
zip4,2521,2521,2521,38.500043,-81.953445
zip4,2523,2523,2523,38.664022,-81.093317
zip4,2524,2524,2524,38.693507,-81.540813
zip4,2525,2525,2525,38.664244,-81.267762
zip4,2526,2526,2526,38.742869,-81.108149
zip4,2527,2527,2527,38.820335,-81.354262
zip4,2528,2528,2528,38.625769,-81.399434
zip4,2530,2530,2530,38.332382,-81.475820
zip4,2531,2531,2531,38.354630,-81.557242
zip4,2532,2532,2532,38.541006,-81.622320
zip4,2538,2538,2538,38.386685,-81.647828
zip4,2540,2540,2540,39.467611,-77.952997
zip4,2541,2541,2541,39.534931,-78.236761
zip4,2542,2542,2542,39.499179,-78.115942
zip4,2543,2543,2543,39.344871,-77.921901
zip4,2544,2544,2544,39.411739,-77.811048
zip4,2550,2550,2550,37.951214,-82.003999
zip4,2551,2551,2551,38.098727,-82.464148
zip4,2552,2552,2552,37.995629,-82.176277
zip4,2553,2553,2553,38.081323,-82.271495
zip4,2554,2554,2554,38.457282,-82.169852
zip4,2555,2555,2555,38.097203,-82.162106
zip4,2556,2556,2556,38.112314,-81.936922
zip4,2557,2557,2557,38.226615,-82.421339
zip4,2560,2560,2560,37.773382,-81.788448
zip4,2561,2561,2561,37.682843,-81.866870
zip4,2562,2562,2562,37.623210,-81.885263
zip4,2563,2563,2563,37.795826,-81.681525
zip4,2564,2564,2564,37.824251,-81.935831
zip4,2565,2565,2565,37.576766,-81.965582
zip4,2566,2566,2566,37.724485,-82.274441
zip4,2567,2567,2567,37.807908,-82.228015
zip4,2568,2568,2568,37.790667,-82.319978
zip4,2569,2569,2569,37.639143,-82.066033
zip4,2570,2570,2570,38.375638,-82.454971
zip4,2575,2575,2575,38.423406,-82.427996
zip4,2580,2580,2580,37.837587,-81.314689
zip4,2581,2581,2581,37.783534,-81.087801
zip4,2582,2582,2582,37.511812,-81.174003
zip4,2583,2583,2583,37.968410,-80.944393
zip4,2584,2584,2584,38.049122,-81.125970
zip4,2585,2585,2585,38.125535,-80.963107
zip4,2586,2586,2586,37.730436,-81.349401
zip4,2587,2587,2587,37.644669,-81.449971
zip4,2588,2588,2588,37.883695,-81.204063
zip4,2590,2590,2590,37.563085,-81.199426
zip4,2591,2591,2591,37.992050,-81.254830
zip4,2592,2592,2592,37.557612,-81.357713
zip4,2593,2593,2593,37.930808,-81.025879
zip4,2594,2594,2594,38.027545,-80.990952
zip4,2595,2595,2595,37.653796,-80.825724
zip4,2596,2596,2596,37.985692,-80.835606
zip4,2597,2597,2597,37.836371,-80.886279
zip4,2598,2598,2598,38.048001,-80.602928
zip4,2600,2600,2600,40.085345,-80.675385
zip4,2603,2603,2603,39.859974,-80.602883
zip4,2604,2604,2604,39.899355,-80.715703
zip4,2605,2605,2605,39.760745,-80.781173
zip4,2606,2606,2606,40.419386,-80.563602
zip4,2607,2607,2607,40.254185,-80.579673
zip4,2610,2610,2610,39.254625,-81.515646
zip4,2613,2613,2613,38.999078,-81.064146
zip4,2614,2614,2614,39.456339,-80.994597
zip4,2615,2615,2615,39.652297,-80.764040
zip4,2616,2616,2616,38.985313,-81.701268
zip4,2617,2617,2617,39.064062,-81.041447
zip4,2618,2618,2618,39.254165,-81.343088
zip4,2620,2620,2620,38.988570,-80.190253
zip4,2621,2621,2621,38.834644,-80.262483
zip4,2622,2622,2622,38.658736,-80.363821
zip4,2623,2623,2623,39.098123,-80.147507
zip4,2624,2624,2624,38.906508,-79.795556
zip4,2625,2625,2625,38.803825,-79.855235
zip4,2626,2626,2626,39.054574,-79.425621
zip4,2627,2627,2627,38.617110,-79.972836
zip4,2628,2628,2628,38.562370,-80.254674
zip4,2629,2629,2629,38.498933,-80.004410
zip4,2630,2630,2630,39.283714,-80.358956
zip4,2632,2632,2632,39.410786,-80.833757
zip4,2633,2633,2633,39.423218,-80.607721
zip4,2634,2634,2634,39.029689,-80.853258
zip4,2635,2635,2635,39.356216,-80.053380
zip4,2636,2636,2636,39.164702,-81.078136
zip4,2637,2637,2637,39.120158,-80.414017
zip4,2638,2638,2638,39.403516,-80.401229
zip4,2640,2640,2640,39.202536,-80.275559
zip4,2641,2641,2641,39.283429,-80.933505
zip4,2642,2642,2642,39.293627,-80.557730
zip4,2643,2643,2643,39.396877,-80.297923
zip4,2644,2644,2644,38.902152,-80.484885
zip4,2645,2645,2645,39.279173,-80.761485
zip4,2646,2646,2646,39.436441,-80.348035
zip4,2650,2650,2650,39.593620,-79.985985
zip4,2651,2651,2651,39.536750,-79.621431
zip4,2652,2652,2652,39.676152,-79.626411
zip4,2653,2653,2653,39.470304,-79.721791
zip4,2654,2654,2654,39.560147,-79.779044
zip4,2655,2655,2655,39.480587,-80.122044
zip4,2656,2656,2656,39.656749,-80.403401
zip4,2657,2657,2657,39.689881,-80.453785
zip4,2658,2658,2658,39.582522,-80.394483
zip4,2659,2659,2659,39.458721,-80.287905
zip4,2660,2660,2660,38.634662,-80.645114
zip4,2661,2661,2661,38.487291,-80.723803
zip4,2662,2662,2662,38.673459,-80.836508
zip4,2663,2663,2663,38.736230,-80.984038
zip4,2665,2665,2665,38.328143,-80.767216
zip4,2666,2666,2666,38.259548,-80.763419
zip4,2667,2667,2667,38.155525,-80.725158
zip4,2668,2668,2668,38.100727,-80.878226
zip4,2669,2669,2669,38.215739,-81.128767
zip4,2670,2670,2670,39.284946,-78.579021
zip4,2671,2671,2671,39.347224,-79.181336
zip4,2672,2672,2672,39.466882,-78.871630
zip4,2673,2673,2673,39.154779,-79.072829
zip4,2674,2674,2674,39.293394,-79.080124
zip4,2675,2675,2675,39.287858,-78.782091
zip4,2676,2676,2676,39.463804,-79.535790
zip4,2680,2680,2680,38.628562,-79.384854
zip4,2681,2681,2681,38.903467,-78.854275
zip4,2682,2682,2682,39.120660,-78.513713
zip4,2683,2683,2683,39.070369,-79.213952
zip4,2684,2684,2684,38.969386,-79.137595
zip4,2685,2685,2685,39.246671,-78.916648
zip4,2686,2686,2686,38.804960,-79.243332
zip4,2688,2688,2688,38.851562,-79.393105
zip4,2700,2700,2700,35.951767,-80.421634
zip4,2701,2701,2701,35.756466,-80.672754
zip4,2702,2702,2702,35.941962,-80.581558
zip4,2703,2703,2703,36.460225,-80.632318
zip4,2704,2704,2704,36.362179,-80.472949
zip4,2705,2705,2705,36.107857,-80.624294
zip4,2710,2710,2710,36.057637,-80.174741
zip4,2711,2711,2711,36.089737,-80.224774
zip4,2712,2712,2712,36.023698,-80.289112
zip4,2720,2720,2720,35.655012,-79.823024
zip4,2721,2721,2721,36.215612,-79.667181
zip4,2722,2722,2722,35.256816,-79.799815
zip4,2723,2723,2723,35.616031,-80.112321
zip4,2724,2724,2724,36.184721,-79.565658
zip4,2725,2725,2725,35.567916,-79.335178
zip4,2726,2726,2726,35.964907,-80.036233
zip4,2727,2727,2727,36.077731,-79.083451
zip4,2728,2728,2728,36.485727,-79.745791
zip4,2729,2729,2729,35.797364,-80.303148
zip4,2730,2730,2730,35.208349,-79.965027
zip4,2731,2731,2731,35.761443,-79.189589
zip4,2732,2732,2732,36.389351,-79.635690
zip4,2733,2733,2733,35.452973,-79.199884
zip4,2734,2734,2734,35.787729,-79.416612
zip4,2735,2735,2735,36.238699,-79.918844
zip4,2736,2736,2736,35.852875,-80.119032
zip4,2737,2737,2737,36.379233,-79.347258
zip4,2740,2740,2740,36.056803,-79.812200
zip4,2741,2741,2741,36.126440,-79.895818
zip4,2745,2745,2745,36.180661,-79.812993
zip4,2750,2750,2750,36.143719,-78.837142
zip4,2751,2751,2751,35.886147,-79.115867
zip4,2752,2752,2752,36.105198,-78.560982
zip4,2753,2753,2753,35.366454,-78.004171
zip4,2754,2754,2754,36.105198,-78.261061
zip4,2755,2755,2755,36.464235,-78.310989
zip4,2756,2756,2756,36.357187,-78.659852
zip4,2757,2757,2757,35.534387,-78.330438
zip4,2758,2758,2758,35.976990,-78.545703
zip4,2759,2759,2759,35.881304,-78.338186
zip4,2760,2760,2760,35.724125,-78.698053
zip4,2761,2761,2761,35.913009,-78.687792
zip4,2769,2769,2769,35.786102,-78.679520
zip4,2770,2770,2770,35.989986,-78.875504
zip4,2771,2771,2771,36.082832,-78.910825
zip4,2780,2780,2780,35.954599,-77.756658
zip4,2781,2781,2781,35.421355,-76.974713
zip4,2782,2782,2782,36.195921,-77.751078
zip4,2783,2783,2783,35.563066,-77.956111
zip4,2784,2784,2784,36.376855,-77.431768
zip4,2785,2785,2785,36.404882,-77.911721
zip4,2786,2786,2786,35.656767,-76.790705
zip4,2787,2787,2787,36.133985,-77.396530
zip4,2788,2788,2788,35.454168,-76.271776
zip4,2789,2789,2789,36.092816,-77.727436
zip4,2790,2790,2790,36.308831,-76.304578
zip4,2791,2791,2791,36.305777,-76.499076
zip4,2792,2792,2792,35.828648,-76.314504
zip4,2793,2793,2793,36.433085,-76.804875
zip4,2794,2794,2794,36.197732,-76.433422
zip4,2795,2795,2795,35.792547,-75.861992
zip4,2796,2796,2796,35.797572,-76.748114
zip4,2797,2797,2797,36.456103,-76.301058
zip4,2798,2798,2798,35.965235,-76.951439
zip4,2800,2800,2800,35.332112,-80.200354
zip4,2801,2801,2801,35.314048,-81.283669
zip4,2802,2802,2802,35.370794,-80.591576
zip4,2803,2803,2803,35.501290,-80.831606
zip4,2804,2804,2804,35.347683,-81.757590
zip4,2805,2805,2805,35.247494,-81.179887
zip4,2807,2807,2807,35.405462,-80.856670
zip4,2808,2808,2808,35.495448,-80.619597
zip4,2809,2809,2809,35.475037,-81.282627
zip4,2810,2810,2810,35.247500,-80.529407
zip4,2811,2811,2811,35.584809,-80.813425
zip4,2812,2812,2812,35.221365,-80.232718
zip4,2813,2813,2813,35.337817,-82.005163
zip4,2814,2814,2814,35.656962,-80.469799
zip4,2815,2815,2815,35.304444,-81.572417
zip4,2816,2816,2816,35.512002,-81.975159
zip4,2817,2817,2817,35.007409,-80.074933
zip4,2820,2820,2820,35.217329,-80.851244
zip4,2821,2821,2821,35.224954,-80.704281
zip4,2822,2822,2822,35.187741,-80.649111
zip4,2824,2824,2824,35.224610,-80.843099
zip4,2826,2826,2826,35.336638,-80.767860
zip4,2827,2827,2827,35.142377,-80.981464
zip4,2828,2828,2828,35.226328,-80.843089
zip4,2830,2830,2830,34.991040,-78.996522
zip4,2831,2831,2831,34.966502,-78.639407
zip4,2832,2832,2832,35.344820,-79.415005
zip4,2833,2833,2833,35.088230,-79.751522
zip4,2834,2834,2834,35.107886,-78.172494
zip4,2835,2835,2835,34.616380,-78.947697
zip4,2836,2836,2836,35.192374,-78.079249
zip4,2837,2837,2837,34.930131,-79.773287
zip4,2838,2838,2838,34.814076,-78.989832
zip4,2839,2839,2839,34.990441,-78.116515
zip4,2840,2840,2840,34.217827,-77.880146
zip4,2841,2841,2841,34.302666,-77.803378
zip4,2842,2842,2842,34.163052,-78.374362
zip4,2843,2843,2843,34.493938,-78.571342
zip4,2844,2844,2844,34.652873,-78.329303
zip4,2845,2845,2845,34.839339,-78.076585
zip4,2846,2846,2846,34.739078,-77.926216
zip4,2847,2847,2847,34.640940,-78.021045
zip4,2848,2848,2848,34.219586,-77.798183
zip4,2850,2850,2850,35.202575,-77.644567
zip4,2851,2851,2851,34.897279,-77.761786
zip4,2852,2852,2852,35.234486,-77.354404
zip4,2853,2853,2853,34.878196,-76.897564
zip4,2854,2854,2854,34.746498,-77.436818
zip4,2855,2855,2855,34.875283,-77.238846
zip4,2856,2856,2856,35.073522,-77.120179
zip4,2857,2857,2857,34.779846,-76.872228
zip4,2858,2858,2858,35.053824,-77.363235
zip4,2859,2859,2859,35.521498,-77.421150
zip4,2860,2860,2860,36.195686,-81.838648
zip4,2861,2861,2861,36.213278,-81.518956
zip4,2862,2862,2862,35.880684,-80.885595
zip4,2863,2863,2863,35.833504,-81.432882
zip4,2864,2864,2864,35.973076,-81.496976
zip4,2865,2865,2865,36.086923,-81.070146
zip4,2866,2866,2866,36.218139,-81.398761
zip4,2867,2867,2867,36.490058,-81.153664
zip4,2868,2868,2868,36.361718,-80.995855
zip4,2869,2869,2869,36.144976,-81.223036
zip4,2870,2870,2870,36.060740,-82.160467
zip4,2871,2871,2871,35.484608,-83.540040
zip4,2872,2872,2872,35.621123,-82.920056
zip4,2873,2873,2873,35.201037,-83.390445
zip4,2874,2874,2874,35.761396,-82.958581
zip4,2875,2875,2875,35.873963,-82.633485
zip4,2876,2876,2876,35.045906,-83.429703
zip4,2877,2877,2877,35.343974,-83.843816
zip4,2878,2878,2878,35.232444,-83.033147
zip4,2879,2879,2879,35.397204,-82.364565
zip4,2880,2880,2880,35.588206,-82.556845
zip4,2890,2890,2890,35.141869,-83.977820
zip4,2900,2900,2900,33.254599,-80.996265
zip4,2901,2901,2901,34.207529,-80.998663
zip4,2902,2902,2902,34.313423,-80.620769
zip4,2903,2903,2903,33.372120,-80.980145
zip4,2904,2904,2904,33.902985,-80.713886
zip4,2905,2905,2905,34.571191,-80.796096
zip4,2906,2906,2906,34.560672,-80.533765
zip4,2907,2907,2907,33.925526,-81.262043
zip4,2908,2908,2908,34.027792,-80.074792
zip4,2910,2910,2910,34.278396,-81.633416
zip4,2911,2911,2911,33.555148,-80.878183
zip4,2912,2912,2912,33.698685,-80.465195
zip4,2913,2913,2913,33.672780,-80.786676
zip4,2914,2914,2914,33.527861,-80.365182
zip4,2915,2915,2915,33.941005,-80.360226
zip4,2916,2916,2916,33.772241,-81.001467
zip4,2917,2917,2917,34.522732,-81.613945
zip4,2918,2918,2918,34.338677,-81.163150
zip4,2920,2920,2920,34.020923,-80.923371
zip4,2921,2921,2921,34.070346,-81.197167
zip4,2922,2922,2922,34.123613,-80.903162
zip4,2930,2930,2930,34.935623,-81.903520
zip4,2931,2931,2931,35.039097,-81.979841
zip4,2932,2932,2932,34.472883,-81.816877
zip4,2933,2933,2933,34.666781,-81.904547
zip4,2934,2934,2934,35.009980,-81.609702
zip4,2935,2935,2935,35.132646,-82.284671
zip4,2936,2936,2936,34.500087,-82.063629
zip4,2937,2937,2937,34.693310,-81.568973
zip4,2938,2938,2938,34.774462,-82.058308
zip4,2940,2940,2940,32.881265,-79.990533
zip4,2941,2941,2941,32.856442,-80.107450
zip4,2942,2942,2942,33.003822,-79.657689
zip4,2943,2943,2943,32.565909,-80.295923
zip4,2944,2944,2944,33.403397,-79.335530
zip4,2945,2945,2945,33.140794,-79.551635
zip4,2946,2946,2946,33.129755,-79.999804
zip4,2947,2947,2947,33.389525,-79.916814
zip4,2948,2948,2948,33.050033,-80.169831
zip4,2949,2949,2949,32.902755,-79.894647
zip4,2950,2950,2950,34.197937,-79.729205
zip4,2951,2951,2951,33.469874,-79.568053
zip4,2952,2952,2952,33.795485,-79.114569
zip4,2953,2953,2953,34.278256,-79.857155
zip4,2954,2954,2954,34.387456,-79.830492
zip4,2955,2955,2955,33.751188,-79.441161
zip4,2956,2956,2956,33.972910,-78.833322
zip4,2957,2957,2957,34.140805,-79.377424
zip4,2958,2958,2958,34.575902,-80.044323
zip4,2959,2959,2959,33.566044,-79.836274
zip4,2960,2960,2960,34.835842,-82.366112
zip4,2961,2961,2961,34.864847,-82.314994
zip4,2962,2962,2962,34.495902,-82.633556
zip4,2963,2963,2963,35.083689,-82.632203
zip4,2964,2964,2964,34.629186,-82.155285
zip4,2965,2965,2965,34.302304,-82.221888
zip4,2966,2966,2966,34.122254,-81.995103
zip4,2967,2967,2967,34.950454,-82.726195
zip4,2968,2968,2968,34.373204,-82.734830
zip4,2969,2969,2969,34.692789,-83.186658
zip4,2970,2970,2970,34.703327,-81.211663
zip4,2971,2971,2971,35.074207,-81.270052
zip4,2972,2972,2972,34.759288,-80.542519
zip4,2973,2973,2973,34.913820,-81.016352
zip4,2974,2974,2974,34.938641,-81.277010
zip4,2980,2980,2980,33.542744,-81.650848
zip4,2981,2981,2981,33.182490,-81.363346
zip4,2982,2982,2982,33.779235,-81.995674
zip4,2983,2983,2983,33.905597,-82.346854
zip4,2984,2984,2984,34.003502,-82.438832
zip4,2985,2985,2985,33.424127,-81.480267
zip4,2986,2986,2986,33.612391,-81.969032
zip4,2989,2989,2989,33.927650,-82.250228
zip4,2990,2990,2990,32.382742,-80.779030
zip4,2991,2991,2991,32.734648,-81.268021
zip4,2992,2992,2992,32.371197,-80.539617
zip4,2993,2993,2993,32.506005,-80.982357
zip4,2994,2994,2994,32.686867,-80.823796
zip4,3000,3000,3000,34.144136,-84.289266
zip4,3001,3001,3001,33.586385,-83.883854
zip4,3002,3002,3002,33.670868,-83.695950
zip4,3003,3003,3003,33.736064,-84.242937
zip4,3004,3004,3004,33.932568,-84.012351
zip4,3005,3005,3005,33.497543,-83.670624
zip4,3006,3006,3006,33.964513,-84.535717
zip4,3007,3007,3007,34.050092,-84.374071
zip4,3008,3008,3008,33.805707,-84.156188
zip4,3009,3009,3009,33.973195,-84.218757
zip4,3010,3010,3010,34.366954,-84.926542
zip4,3011,3011,3011,34.255397,-84.495579
zip4,3012,3012,3012,34.047663,-85.274652
zip4,3013,3013,3013,34.437504,-84.709101
zip4,3014,3014,3014,34.469963,-84.404139
zip4,3015,3015,3015,33.930005,-85.039376
zip4,3016,3016,3016,34.282958,-85.325413
zip4,3017,3017,3017,34.553584,-84.520454
zip4,3018,3018,3018,34.275569,-84.701517
zip4,3020,3020,3020,33.074439,-84.128875
zip4,3021,3021,3021,33.256715,-85.135549
zip4,3022,3022,3022,33.304318,-84.269306
zip4,3023,3023,3023,33.163633,-84.937420
zip4,3024,3024,3024,33.007469,-85.036783
zip4,3025,3025,3025,33.490736,-84.108466
zip4,3026,3026,3026,33.436567,-84.834619
zip4,3027,3027,3027,33.333931,-84.623584
zip4,3028,3028,3028,32.902399,-84.343371
zip4,3029,3029,3029,32.984552,-84.604054
zip4,3030,3030,3030,33.800094,-84.392415
zip4,3031,3031,3031,33.752154,-84.450846
zip4,3032,3032,3032,33.887104,-84.417456
zip4,3033,3033,3033,33.640558,-84.442967
zip4,3034,3034,3034,33.628258,-84.547602
zip4,3035,3035,3035,33.978937,-84.333110
zip4,3036,3036,3036,33.933955,-84.277207
zip4,3040,3040,3040,32.603805,-82.331736
zip4,3041,3041,3041,32.331267,-81.596365
zip4,3042,3042,3042,31.897464,-81.966562
zip4,3043,3043,3043,33.012592,-82.342427
zip4,3044,3044,3044,32.796116,-82.070897
zip4,3045,3045,3045,32.409064,-82.666771
zip4,3046,3046,3046,32.678782,-81.577878
zip4,3047,3047,3047,32.875111,-82.380628
zip4,3050,3050,3050,34.312641,-83.863478
zip4,3051,3051,3051,34.859901,-83.965855
zip4,3052,3052,3052,34.605228,-83.748734
zip4,3053,3053,3053,34.545335,-84.106742
zip4,3054,3054,3054,34.101615,-83.617826
zip4,3055,3055,3055,34.771116,-83.437135
zip4,3056,3056,3056,34.882834,-84.197462
zip4,3057,3057,3057,34.726307,-84.057623
zip4,3058,3058,3058,34.952277,-83.903215
zip4,3059,3059,3059,34.526339,-83.983998
zip4,3060,3060,3060,33.956327,-83.388282
zip4,3061,3061,3061,33.860794,-83.232748
zip4,3062,3062,3062,34.078144,-83.086717
zip4,3063,3063,3063,34.134753,-82.848745
zip4,3064,3064,3064,33.528003,-83.166682
zip4,3065,3065,3065,33.681154,-83.476263
zip4,3066,3066,3066,33.760601,-83.102142
zip4,3067,3067,3067,33.726569,-82.718642
zip4,3068,3068,3068,33.981265,-83.696840
zip4,3070,3070,3070,34.497172,-84.961364
zip4,3071,3071,3071,34.926783,-84.778545
zip4,3072,3072,3072,34.695498,-85.222461
zip4,3073,3073,3073,34.550435,-84.733567
zip4,3074,3074,3074,34.513945,-85.206882
zip4,3075,3075,3075,34.897705,-85.519801
zip4,3080,3080,3080,33.593491,-82.279576
zip4,3081,3081,3081,33.791801,-82.439269
zip4,3082,3082,3082,33.374775,-82.635181
zip4,3083,3083,3083,33.092028,-81.982561
zip4,3090,3090,3090,33.406963,-82.003585
zip4,3091,3091,3091,33.469377,-81.986154
zip4,3100,3100,3100,32.534604,-82.587605
zip4,3101,3101,3101,31.947494,-83.769878
zip4,3102,3102,3102,33.324956,-83.342072
zip4,3103,3103,3103,33.009295,-83.544094
zip4,3104,3104,3104,32.651045,-83.352014
zip4,3105,3105,3105,31.981583,-82.878411
zip4,3106,3106,3106,32.295592,-84.017519
zip4,3107,3107,3107,32.003160,-83.532249
zip4,3108,3108,3108,33.421954,-83.625149
zip4,3109,3109,3109,32.708758,-82.726172
zip4,3120,3120,3120,32.829802,-83.661483
zip4,3121,3121,3121,32.818766,-83.560810
zip4,3122,3122,3122,32.870662,-83.822783
zip4,3130,3130,3130,32.160714,-81.405366
zip4,3131,3131,3131,31.753762,-81.777192
zip4,3132,3132,3132,31.772444,-81.361920
zip4,3133,3133,3133,31.489823,-81.426962
zip4,3140,3140,3140,32.080420,-81.033960
zip4,3141,3141,3141,31.990229,-81.244518
zip4,3142,3142,3142,32.085426,-81.074497
zip4,3150,3150,3150,31.188018,-82.371470
zip4,3151,3151,3151,31.622830,-82.910362
zip4,3152,3152,3152,31.238017,-81.580338
zip4,3153,3153,3153,30.857669,-82.130780
zip4,3154,3154,3154,30.789927,-81.722759
zip4,3155,3155,3155,31.295277,-82.029305
zip4,3156,3156,3156,31.047961,-81.704619
zip4,3159,3159,3159,31.565464,-81.901617
zip4,3160,3160,3160,30.834646,-83.316620
zip4,3162,3162,3162,30.786659,-83.753663
zip4,3163,3163,3163,30.979976,-82.757951
zip4,3164,3164,3164,31.259704,-82.902223
zip4,3165,3165,3165,31.351840,-83.023187
zip4,3169,3169,3169,30.975130,-83.194643
zip4,3170,3170,3170,31.514823,-84.057963
zip4,3171,3171,3171,31.723394,-83.650068
zip4,3172,3172,3172,31.480363,-84.288117
zip4,3173,3173,3173,31.209736,-84.243015
zip4,3174,3174,3174,31.342375,-83.868652
zip4,3175,3175,3175,31.727127,-83.207209
zip4,3176,3176,3176,31.179853,-83.840185
zip4,3177,3177,3177,31.585824,-83.288048
zip4,3178,3178,3178,31.125771,-83.669321
zip4,3179,3179,3179,31.513895,-83.557747
zip4,3180,3180,3180,32.380900,-84.490721
zip4,3181,3181,3181,32.077696,-84.863184
zip4,3182,3182,3182,32.072734,-84.567517
zip4,3183,3183,3183,32.730367,-84.652301
zip4,3190,3190,3190,32.431736,-84.932167
zip4,3200,3200,3200,29.883430,-82.868756
zip4,3201,3201,3201,30.569088,-81.844367
zip4,3202,3202,3202,30.070215,-82.709318
zip4,3203,3203,3203,29.795036,-81.451825
zip4,3204,3204,3204,29.937895,-81.751168
zip4,3205,3205,3205,30.454421,-83.006819
zip4,3206,3206,3206,30.134255,-83.116529
zip4,3207,3207,3207,30.047230,-82.950286
zip4,3208,3208,3208,30.087897,-82.228668
zip4,3209,3209,3209,30.648487,-81.634338
zip4,3210,3210,3210,29.147017,-81.553532
zip4,3211,3211,3211,29.442850,-81.439851
zip4,3212,3212,3212,29.149899,-81.149139
zip4,3213,3213,3213,29.355020,-81.801691
zip4,3214,3214,3214,29.691862,-81.424301
zip4,3215,3215,3215,28.931023,-81.911466
zip4,3216,3216,3216,28.968603,-81.059330
zip4,3217,3217,3217,29.286888,-81.150214
zip4,3218,3218,3218,29.537727,-81.607759
zip4,3219,3219,3219,29.335046,-81.491586
zip4,3220,3220,3220,30.352589,-81.663983
zip4,3221,3221,3221,30.453583,-81.714512
zip4,3222,3222,3222,30.396223,-81.512695
zip4,3223,3223,3223,30.197839,-82.022893
zip4,3224,3224,3224,30.220421,-81.748605
zip4,3225,3225,3225,30.113918,-81.574571
zip4,3226,3226,3226,30.315520,-81.412789
zip4,3227,3227,3227,30.376663,-81.603922
zip4,3230,3230,3230,30.469914,-84.301723
zip4,3231,3231,3231,30.583039,-84.267373
zip4,3232,3232,3232,30.175224,-84.348553
zip4,3233,3233,3233,30.336932,-83.739557
zip4,3234,3234,3234,30.007880,-83.620632
zip4,3235,3235,3235,30.547155,-84.697183
zip4,3236,3236,3236,30.363640,-83.981295
zip4,3239,3239,3239,30.383707,-84.231357
zip4,3240,3240,3240,30.175785,-85.651896
zip4,3241,3241,3241,30.316708,-85.891463
zip4,3242,3242,3242,30.715297,-85.656623
zip4,3243,3243,3243,30.698277,-86.122079
zip4,3244,3244,3244,30.775776,-85.164537
zip4,3245,3245,3245,30.359108,-86.177312
zip4,3246,3246,3246,30.397236,-85.505935
zip4,3250,3250,3250,30.387926,-87.343365
zip4,3251,3251,3251,30.536355,-87.224131
zip4,3252,3252,3252,30.493590,-87.360424
zip4,3253,3253,3253,30.821334,-86.476483
zip4,3254,3254,3254,30.540019,-86.558778
zip4,3255,3255,3255,30.392195,-86.382076
zip4,3256,3256,3256,30.408772,-86.867805
zip4,3257,3257,3257,30.774372,-87.004848
zip4,3258,3258,3258,30.556645,-87.079136
zip4,3260,3260,3260,29.704959,-82.291746
zip4,3261,3261,3261,29.768439,-82.862086
zip4,3262,3262,3262,29.346102,-82.969986
zip4,3263,3263,3263,29.223245,-82.729063
zip4,3264,3264,3264,29.586309,-82.118518
zip4,3265,3265,3265,29.825390,-81.930213
zip4,3266,3266,3266,29.263173,-82.497393
zip4,3268,3268,3268,29.572293,-83.059826
zip4,3269,3269,3269,29.631903,-82.822130
zip4,3270,3270,3270,28.651974,-81.515516
zip4,3271,3271,3271,28.729095,-81.515375
zip4,3272,3272,3272,28.978684,-81.402655
zip4,3273,3273,3273,28.904574,-81.484802
zip4,3274,3274,3274,28.754194,-81.340073
zip4,3275,3275,3275,28.696820,-80.922605
zip4,3276,3276,3276,28.835586,-81.089677
zip4,3277,3277,3277,28.774581,-81.722410
zip4,3278,3278,3278,28.991405,-81.773151
zip4,3279,3279,3279,28.630460,-80.838421
zip4,3280,3280,3280,28.524577,-81.370996
zip4,3281,3281,3281,28.486142,-81.478191
zip4,3282,3282,3282,28.480540,-81.248037
zip4,3283,3283,3283,28.461202,-81.077929
zip4,3289,3289,3289,28.555003,-80.635653
zip4,3290,3290,3290,28.044644,-80.718097
zip4,3292,3292,3292,28.422917,-80.814618
zip4,3293,3293,3293,28.156891,-80.678703
zip4,3294,3294,3294,28.217666,-80.758142
zip4,3295,3295,3295,28.336763,-80.708232
zip4,3296,3296,3296,27.723821,-80.775885
zip4,3297,3297,3297,27.858749,-80.534000
zip4,3300,3300,3300,25.981857,-80.147310
zip4,3301,3301,3301,25.886587,-80.318443
zip4,3302,3302,3302,26.005808,-80.287565
zip4,3303,3303,3303,25.419119,-80.811878
zip4,3304,3304,3304,24.673540,-81.465034
zip4,3305,3305,3305,25.947926,-80.259390
zip4,3306,3306,3306,26.264739,-80.190054
zip4,3307,3307,3307,26.243558,-80.265860
zip4,3310,3310,3310,25.759246,-80.140155
zip4,3312,3312,3312,25.801496,-80.322555
zip4,3313,3313,3313,25.782971,-80.166772
zip4,3314,3314,3314,25.711011,-80.296970
zip4,3315,3315,3315,25.636543,-80.304224
zip4,3316,3316,3316,25.930887,-80.170717
zip4,3317,3317,3317,25.818773,-80.410794
zip4,3318,3318,3318,25.516021,-80.616393
zip4,3319,3319,3319,25.689355,-80.599008
zip4,3330,3330,3330,26.185226,-80.172305
zip4,3331,3331,3331,26.143670,-80.198397
zip4,3332,3332,3332,26.191421,-80.360149
zip4,3333,3333,3333,26.054392,-80.377958
zip4,3335,3335,3335,26.176086,-80.273235
zip4,3338,3338,3338,26.118229,-80.254493
zip4,3340,3340,3340,26.760495,-80.091335
zip4,3341,3341,3341,26.765218,-80.198288
zip4,3342,3342,3342,26.341771,-80.214454
zip4,3343,3343,3343,26.624747,-80.565289
zip4,3344,3344,3344,26.473064,-81.077593
zip4,3345,3345,3345,27.033880,-80.170026
zip4,3346,3346,3346,26.612711,-80.122806
zip4,3347,3347,3347,26.765519,-80.381008
zip4,3348,3348,3348,26.344839,-80.114527
zip4,3349,3349,3349,26.530366,-80.760499
zip4,3350,3350,3350,27.766513,-82.274784
zip4,3351,3351,3351,28.672042,-82.111251
zip4,3352,3352,3352,28.399230,-82.277113
zip4,3353,3353,3353,28.842617,-82.171254
zip4,3354,3354,3354,28.236641,-82.252244
zip4,3355,3355,3355,28.180602,-82.536783
zip4,3356,3356,3356,28.015433,-82.129349
zip4,3357,3357,3357,27.777312,-82.334473
zip4,3358,3358,3358,28.742424,-82.022717
zip4,3359,3359,3359,27.689736,-82.271195
zip4,3360,3360,3360,27.969703,-82.458586
zip4,3361,3361,3361,28.002919,-82.380227
zip4,3362,3362,3362,28.078373,-82.582032
zip4,3363,3363,3363,28.028378,-82.617265
zip4,3364,3364,3364,28.124674,-82.390624
zip4,3370,3370,3370,27.751942,-82.731273
zip4,3371,3371,3371,27.879415,-82.648559
zip4,3374,3374,3374,27.804787,-82.773036
zip4,3375,3375,3375,27.966468,-82.785687
zip4,3376,3376,3376,27.979979,-82.746307
zip4,3377,3377,3377,27.859279,-82.789408
zip4,3378,3378,3378,27.850307,-82.708293
zip4,3380,3380,3380,28.146565,-81.930131
zip4,3381,3381,3381,28.074914,-82.026020
zip4,3382,3382,3382,27.639489,-81.464761
zip4,3383,3383,3383,27.882493,-81.796144
zip4,3384,3384,3384,27.743354,-81.639111
zip4,3385,3385,3385,27.303548,-81.293947
zip4,3386,3386,3386,28.224785,-81.817969
zip4,3387,3387,3387,27.460000,-81.407685
zip4,3388,3388,3388,28.006090,-81.741843
zip4,3389,3389,3389,27.485021,-81.696468
zip4,3390,3390,3390,26.663773,-81.760418
zip4,3391,3391,3391,26.541178,-81.756337
zip4,3392,3392,3392,26.429004,-81.708765
zip4,3393,3393,3393,26.719687,-81.415115
zip4,3394,3394,3394,26.863770,-82.270719
zip4,3395,3395,3395,26.861571,-82.012608
zip4,3396,3396,3396,27.080261,-81.415017
zip4,3397,3397,3397,26.607009,-81.706221
zip4,3398,3398,3398,26.899021,-81.744177
zip4,3399,3399,3399,26.659990,-82.028188
zip4,3410,3410,3410,26.149894,-81.754554
zip4,3411,3411,3411,26.077063,-81.621068
zip4,3412,3412,3412,26.317452,-81.584457
zip4,3413,3413,3413,26.374744,-81.754329
zip4,3414,3414,3414,26.070192,-81.111659
zip4,3420,3420,3420,27.451077,-82.526438
zip4,3421,3421,3421,27.521339,-82.384299
zip4,3422,3422,3422,26.969599,-82.322116
zip4,3423,3423,3423,27.285064,-82.497455
zip4,3424,3424,3424,27.318290,-82.350925
zip4,3425,3425,3425,27.368271,-82.162156
zip4,3426,3426,3426,27.177678,-81.860166
zip4,3427,3427,3427,27.157988,-82.454209
zip4,3428,3428,3428,27.071117,-82.135806
zip4,3429,3429,3429,27.086458,-82.341238
zip4,3442,3442,3442,28.909865,-82.616913
zip4,3443,3443,3443,29.075976,-82.443258
zip4,3444,3444,3444,29.112230,-82.689139
zip4,3445,3445,3445,28.807892,-82.306967
zip4,3446,3446,3446,28.827552,-82.500748
zip4,3447,3447,3447,29.146418,-82.192956
zip4,3448,3448,3448,29.160742,-82.327864
zip4,3449,3449,3449,29.010279,-82.043443
zip4,3460,3460,3460,28.566496,-82.327860
zip4,3461,3461,3461,28.370608,-82.507687
zip4,3463,3463,3463,28.256451,-82.481143
zip4,3465,3465,3465,28.250873,-82.679192
zip4,3466,3466,3466,28.345999,-82.644137
zip4,3467,3467,3467,28.042524,-82.674519
zip4,3468,3468,3468,28.105517,-82.714089
zip4,3469,3469,3469,28.197565,-82.750910
zip4,3470,3470,3470,28.705740,-81.720296
zip4,3471,3471,3471,28.496020,-81.747131
zip4,3472,3472,3472,28.616648,-81.699387
zip4,3473,3473,3473,27.929580,-81.100520
zip4,3474,3474,3474,28.253619,-81.397218
zip4,3475,3475,3475,28.132183,-81.443063
zip4,3476,3476,3476,28.247146,-81.291767
zip4,3477,3477,3477,28.170130,-81.120653
zip4,3478,3478,3478,28.464438,-81.619647
zip4,3479,3479,3479,28.731307,-81.815324
zip4,3494,3494,3494,27.446353,-80.514455
zip4,3495,3495,3495,27.081642,-80.527831
zip4,3497,3497,3497,27.401042,-80.905619
zip4,3498,3498,3498,27.322381,-80.467477
zip4,3499,3499,3499,27.110981,-80.319107
zip4,3500,3500,3500,33.438365,-87.217608
zip4,3501,3501,3501,32.916355,-85.970476
zip4,3502,3502,3502,33.413332,-87.001698
zip4,3503,3503,3503,32.913431,-87.258018
zip4,3504,3504,3504,32.943985,-86.551346
zip4,3505,3505,3505,34.136254,-86.785968
zip4,3506,3506,3506,33.608442,-86.827721
zip4,3507,3507,3507,33.975076,-86.772861
zip4,3508,3508,3508,32.984572,-86.734112
zip4,3509,3509,3509,33.608807,-86.110218
zip4,3511,3511,3511,33.131241,-86.893886
zip4,3512,3512,3512,33.608280,-86.342431
zip4,3513,3513,3513,32.898105,-86.285773
zip4,3514,3514,3514,33.793474,-86.448580
zip4,3515,3515,3515,33.142228,-86.324122
zip4,3516,3516,3516,33.375449,-86.062994
zip4,3517,3517,3517,34.267183,-86.990551
zip4,3518,3518,3518,33.120320,-87.163324
zip4,3520,3520,3520,33.564661,-86.715370
zip4,3521,3521,3521,33.599749,-86.735867
zip4,3522,3522,3522,33.531790,-86.944118
zip4,3523,3523,3523,33.631936,-86.643553
zip4,3524,3524,3524,33.397619,-86.693107
zip4,3525,3525,3525,33.514234,-86.851735
zip4,3540,3540,3540,33.239491,-87.503361
zip4,3544,3544,3544,33.335187,-87.299544
zip4,3545,3545,3545,33.135549,-87.404127
zip4,3546,3546,3546,32.747331,-88.182231
zip4,3547,3547,3547,32.557748,-88.022483
zip4,3548,3548,3548,33.377474,-88.035394
zip4,3549,3549,3549,33.204391,-87.251092
zip4,3550,3550,3550,33.888222,-87.238814
zip4,3554,3554,3554,33.692626,-87.581621
zip4,3555,3555,3555,33.705573,-87.842740
zip4,3556,3556,3556,34.233227,-87.590824
zip4,3557,3557,3557,33.582093,-88.092806
zip4,3558,3558,3558,34.366490,-87.736716
zip4,3559,3559,3559,33.932246,-87.796758
zip4,3560,3560,3560,34.573905,-86.982337
zip4,3561,3561,3561,34.833295,-87.015691
zip4,3562,3562,3562,34.345284,-86.860234
zip4,3563,3563,3563,34.872030,-87.760570
zip4,3564,3564,3564,34.441759,-86.927294
zip4,3565,3565,3565,34.476743,-87.707331
zip4,3566,3566,3566,34.771498,-87.577075
zip4,3567,3567,3567,34.664955,-87.749106
zip4,3573,3573,3573,34.958463,-86.793053
zip4,3574,3574,3574,34.726154,-86.443034
zip4,3575,3575,3575,34.692487,-86.796770
zip4,3576,3576,3576,34.719961,-85.823551
zip4,3577,3577,3577,34.870852,-85.845819
zip4,3580,3580,3580,34.672762,-86.612670
zip4,3581,3581,3581,34.811712,-86.552574
zip4,3582,3582,3582,34.648331,-86.752331
zip4,3589,3589,3589,34.748452,-86.652152
zip4,3590,3590,3590,34.004666,-85.932052
zip4,3595,3595,3595,34.184487,-86.099803
zip4,3596,3596,3596,34.375170,-85.806207
zip4,3597,3597,3597,34.385250,-86.308272
zip4,3598,3598,3598,34.572046,-85.616351
zip4,3599,3599,3599,34.066285,-86.304196
zip4,3600,3600,3600,31.567032,-86.291753
zip4,3601,3601,3601,31.765723,-85.424874
zip4,3602,3602,3602,31.478745,-86.377422
zip4,3603,3603,3603,31.828047,-86.709068
zip4,3604,3604,3604,31.808056,-85.593387
zip4,3605,3605,3605,32.044880,-85.460104
zip4,3606,3606,3606,32.518821,-86.592865
zip4,3607,3607,3607,32.520570,-85.915432
zip4,3608,3608,3608,32.128169,-85.730301
zip4,3609,3609,3609,32.570046,-86.200707
zip4,3610,3610,3610,32.285035,-86.328622
zip4,3611,3611,3611,32.336436,-86.178565
zip4,3613,3613,3613,32.376490,-86.300041
zip4,3620,3620,3620,33.660563,-85.854711
zip4,3625,3625,3625,33.153118,-85.832725
zip4,3626,3626,3626,33.692427,-85.472505
zip4,3627,3627,3627,33.915524,-85.586277
zip4,3628,3628,3628,33.377621,-85.386652
zip4,3630,3630,3630,31.196837,-85.435633
zip4,3631,3631,3631,31.190320,-85.894302
zip4,3632,3632,3632,31.400726,-86.075823
zip4,3633,3633,3633,31.303269,-85.859652
zip4,3634,3634,3634,31.362037,-85.309121
zip4,3635,3635,3635,31.393684,-85.494901
zip4,3636,3636,3636,31.445222,-85.592155
zip4,3637,3637,3637,31.103972,-85.552742
zip4,3640,3640,3640,31.476268,-86.943278
zip4,3642,3642,3642,31.221492,-86.661473
zip4,3643,3643,3643,31.890577,-87.440920
zip4,3644,3644,3644,31.094766,-86.365447
zip4,3645,3645,3645,31.691174,-87.786656
zip4,3646,3646,3646,31.495921,-87.279923
zip4,3647,3647,3647,31.395519,-87.219171
zip4,3648,3648,3648,31.324832,-87.624126
zip4,3650,3650,3650,31.153281,-87.513240
zip4,3651,3651,3651,31.463343,-88.270883
zip4,3652,3652,3652,31.796011,-88.055289
zip4,3653,3653,3653,30.441107,-87.609987
zip4,3654,3654,3654,31.475034,-87.792645
zip4,3655,3655,3655,31.621372,-88.308504
zip4,3656,3656,3656,30.620325,-87.546976
zip4,3657,3657,3657,31.102978,-87.781561
zip4,3658,3658,3658,31.351786,-88.070464
zip4,3660,3660,3660,30.629234,-88.383551
zip4,3661,3661,3661,30.591837,-88.188259
zip4,3665,3665,3665,30.694759,-88.079872
zip4,3666,3666,3666,30.735897,-88.109227
zip4,3668,3668,3668,30.695611,-88.188387
zip4,3669,3669,3669,30.621701,-88.306594
zip4,3670,3670,3670,32.478223,-87.045258
zip4,3672,3672,3672,32.059197,-87.309475
zip4,3673,3673,3673,32.419751,-87.933170
zip4,3674,3674,3674,32.495351,-87.737477
zip4,3675,3675,3675,32.589405,-87.323783
zip4,3676,3676,3676,32.038247,-86.857489
zip4,3677,3677,3677,32.286002,-87.400258
zip4,3678,3678,3678,32.037095,-87.947982
zip4,3679,3679,3679,32.875581,-86.978329
zip4,3680,3680,3680,32.561834,-85.348808
zip4,3683,3683,3683,32.552337,-85.514562
zip4,3684,3684,3684,32.596188,-85.488854
zip4,3685,3685,3685,32.815568,-85.707924
zip4,3686,3686,3686,32.905140,-85.369565
zip4,3687,3687,3687,32.561834,-85.168500
zip4,3690,3690,3690,32.446354,-88.367259
zip4,3691,3691,3691,31.796086,-88.316188
zip4,3692,3692,3692,31.967861,-88.138545
zip4,3701,3701,3701,36.305044,-87.043401
zip4,3702,3702,3702,36.498485,-86.305416
zip4,3703,3703,3703,35.737839,-87.573529
zip4,3704,3704,3704,36.502151,-87.328198
zip4,3705,3705,3705,36.423288,-87.899402
zip4,3706,3706,3706,35.906426,-86.935632
zip4,3707,3707,3707,36.366246,-86.699405
zip4,3708,3708,3708,36.283696,-86.272744
zip4,3709,3709,3709,35.654904,-87.873740
zip4,3710,3710,3710,36.077942,-87.632533
zip4,3711,3711,3711,35.635680,-85.718714
zip4,3712,3712,3712,36.009553,-86.399739
zip4,3713,3713,3713,35.879963,-87.492304
zip4,3714,3714,3714,36.377503,-85.889993
zip4,3715,3715,3715,36.538505,-85.792526
zip4,3716,3716,3716,35.481826,-86.518382
zip4,3717,3717,3717,36.510787,-86.834173
zip4,3718,3718,3718,36.578353,-86.204418
zip4,3719,3719,3719,35.837580,-86.029731
zip4,3720,3720,3720,36.182187,-86.767205
zip4,3721,3721,3721,36.207510,-86.890859
zip4,3722,3722,3722,36.059598,-86.958836
zip4,3723,3723,3723,36.140875,-86.802883
zip4,3730,3730,3730,35.433536,-85.767854
zip4,3731,3731,3731,35.040895,-84.475322
zip4,3732,3732,3732,35.485483,-84.934715
zip4,3733,3733,3733,35.185806,-86.615181
zip4,3734,3734,3734,35.052464,-85.610485
zip4,3735,3735,3735,35.564921,-86.013240
zip4,3736,3736,3736,35.643168,-85.203343
zip4,3737,3737,3737,35.278428,-85.188129
zip4,3738,3738,3738,35.341456,-84.211206
zip4,3739,3739,3739,35.192655,-86.188676
zip4,3740,3740,3740,35.111581,-85.447800
zip4,3741,3741,3741,35.051580,-85.390306
zip4,3742,3742,3742,35.032922,-85.152990
zip4,3745,3745,3745,35.048963,-85.312170
zip4,3760,3760,3760,36.318880,-82.358339
zip4,3761,3761,3761,36.494140,-82.265882
zip4,3762,3762,3762,36.546649,-82.120738
zip4,3764,3764,3764,36.360019,-82.080354
zip4,3765,3765,3765,36.206008,-82.447950
zip4,3766,3766,3766,36.503254,-82.554927
zip4,3768,3768,3768,36.472834,-81.822683
zip4,3769,3769,3769,36.184764,-82.304671
zip4,3770,3770,3770,36.330313,-83.355548
zip4,3771,3771,3771,36.179844,-84.284731
zip4,3772,3772,3772,35.885214,-83.011816
zip4,3773,3773,3773,35.675238,-83.472741
zip4,3774,3774,3774,36.168797,-82.834901
zip4,3775,3775,3775,36.306988,-84.388954
zip4,3776,3776,3776,36.415487,-84.073071
zip4,3777,3777,3777,36.149928,-84.631577
zip4,3780,3780,3780,36.261161,-83.847429
zip4,3781,3781,3781,36.252995,-83.309355
zip4,3782,3782,3782,36.418682,-83.687080
zip4,3783,3783,3783,35.968922,-84.299028
zip4,3784,3784,3784,36.449826,-84.304752
zip4,3785,3785,3785,36.408934,-82.954011
zip4,3786,3786,3786,36.511424,-83.248643
zip4,3787,3787,3787,36.266765,-84.679976
zip4,3788,3788,3788,36.073707,-84.612030
zip4,3789,3789,3789,36.569367,-84.380565
zip4,3790,3790,3790,35.950274,-84.017735
zip4,3791,3791,3791,36.020376,-83.940431
zip4,3792,3792,3792,35.898197,-83.875983
zip4,3793,3793,3793,35.927352,-84.192554
zip4,3800,3800,3800,35.241845,-88.997993
zip4,3801,3801,3801,35.582440,-89.308766
zip4,3802,3802,3802,36.027379,-89.339956
zip4,3803,3803,3803,35.902679,-89.251651
zip4,3804,3804,3804,35.391358,-89.527913
zip4,3805,3805,3805,35.349905,-89.906460
zip4,3806,3806,3806,35.743890,-89.674355
zip4,3807,3807,3807,35.350127,-89.134565
zip4,3808,3808,3808,36.190817,-89.512411
zip4,3810,3810,3810,35.099900,-90.047681
zip4,3811,3811,3811,35.086415,-89.919176
zip4,3812,3812,3812,35.239962,-89.978276
zip4,3813,3813,3813,35.204353,-89.837789
zip4,3814,3814,3814,35.014601,-89.853310
zip4,3815,3815,3815,35.118113,-89.937264
zip4,3820,3820,3820,36.141593,-88.522144
zip4,3822,3822,3822,36.431318,-88.133754
zip4,3823,3823,3823,36.203558,-88.361253
zip4,3824,3824,3824,36.250332,-89.321263
zip4,3825,3825,3825,36.259839,-88.879311
zip4,3826,3826,3826,36.387400,-89.123830
zip4,3830,3830,3830,35.642651,-88.874337
zip4,3831,3831,3831,35.258061,-88.520298
zip4,3832,3832,3832,35.592883,-88.122114
zip4,3833,3833,3833,36.073905,-89.033264
zip4,3834,3834,3834,35.958320,-88.450218
zip4,3835,3835,3835,35.654245,-88.366961
zip4,3836,3836,3836,35.321010,-88.280431
zip4,3837,3837,3837,35.317422,-88.143708
zip4,3838,3838,3838,35.972502,-88.986135
zip4,3839,3839,3839,35.512788,-89.002677
zip4,3840,3840,3840,35.657000,-87.077564
zip4,3842,3842,3842,35.402735,-87.897121
zip4,3844,3844,3844,35.068117,-86.830106
zip4,3845,3845,3845,35.337554,-87.275671
zip4,3846,3846,3846,35.351532,-87.515767
zip4,3847,3847,3847,35.323311,-87.035980
zip4,3848,3848,3848,35.281914,-87.775272
zip4,3850,3850,3850,36.194142,-85.470012
zip4,3854,3854,3854,36.134224,-86.019513
zip4,3855,3855,3855,36.354568,-84.963943
zip4,3856,3856,3856,36.323847,-85.703429
zip4,3857,3857,3857,36.429920,-85.299471
zip4,3858,3858,3858,36.461546,-85.704250
zip4,3860,3860,3860,34.313318,-89.957480
zip4,3861,3861,3861,34.505972,-89.849615
zip4,3862,3862,3862,34.545752,-90.403043
zip4,3863,3863,3863,34.812201,-89.996444
zip4,3864,3864,3864,34.200312,-90.334040
zip4,3865,3865,3865,34.330969,-89.405781
zip4,3866,3866,3866,34.594691,-89.952668
zip4,3867,3867,3867,34.658450,-90.352009
zip4,3868,3868,3868,34.891779,-88.811952
zip4,3870,3870,3870,33.394917,-91.040258
zip4,3872,3872,3872,32.960760,-90.776875
zip4,3873,3873,3873,33.698815,-90.752293
zip4,3874,3874,3874,33.096895,-91.025761
zip4,3875,3875,3875,33.389235,-90.758156
zip4,3876,3876,3876,33.890560,-90.743696
zip4,3877,3877,3877,33.609874,-90.774365
zip4,3878,3878,3878,33.912362,-90.759052
zip4,3880,3880,3880,34.270579,-88.736530
zip4,3882,3882,3882,34.573730,-88.637218
zip4,3883,3883,3883,34.846697,-88.492747
zip4,3884,3884,3884,34.305041,-88.325623
zip4,3885,3885,3885,33.977616,-89.003174
zip4,3886,3886,3886,34.094528,-88.834965
zip4,3887,3887,3887,34.679887,-88.280906
zip4,3890,3890,3890,33.746684,-89.756131
zip4,3891,3891,3891,33.508022,-89.942532
zip4,3892,3892,3892,33.332921,-90.180041
zip4,3893,3893,3893,33.521777,-90.141241
zip4,3894,3894,3894,33.773791,-90.318363
zip4,3895,3895,3895,33.400056,-90.210171
zip4,3896,3896,3896,34.136211,-89.604677
zip4,3903,3903,3903,32.820346,-90.269051
zip4,3904,3904,3904,32.386218,-89.972562
zip4,3905,3905,3905,32.792335,-89.508927
zip4,3906,3906,3906,31.697317,-91.045131
zip4,3907,3907,3907,32.545641,-90.327092
zip4,3908,3908,3908,31.870341,-90.493437
zip4,3909,3909,3909,31.836254,-91.086383
zip4,3910,3910,3910,33.133563,-89.288902
zip4,3911,3911,3911,32.519005,-90.144191
zip4,3912,3912,3912,31.504224,-91.378789
zip4,3914,3914,3914,31.804256,-90.786512
zip4,3915,3915,3915,32.003055,-90.982240
zip4,3916,3916,3916,32.988810,-89.763732
zip4,3917,3917,3917,32.089250,-90.616191
zip4,3918,3918,3918,32.319046,-90.804523
zip4,3919,3919,3919,32.827674,-90.554999
zip4,3920,3920,3920,32.311524,-90.236196
zip4,3921,3921,3921,32.234399,-90.203027
zip4,3923,3923,3923,32.329854,-90.107940
zip4,3926,3926,3926,32.301150,-90.188904
zip4,3927,3927,3927,32.192540,-90.247199
zip4,3930,3930,3930,32.360519,-88.708423
zip4,3932,3932,3932,32.586512,-88.776306
zip4,3933,3933,3933,33.099531,-89.047685
zip4,3934,3934,3934,33.080021,-88.586744
zip4,3935,3935,3935,32.807985,-89.024626
zip4,3936,3936,3936,32.601101,-89.146224
zip4,3940,3940,3940,31.271555,-89.297005
zip4,3942,3942,3942,30.643051,-89.615103
zip4,3943,3943,3943,31.570420,-89.225385
zip4,3944,3944,3944,31.746234,-89.140346
zip4,3945,3945,3945,31.018291,-89.474737
zip4,3946,3946,3946,31.387893,-89.169990
zip4,3947,3947,3947,30.803494,-89.571683
zip4,3948,3948,3948,31.397064,-89.568062
zip4,3950,3950,3950,30.446618,-89.123653
zip4,3952,3952,3952,30.296501,-89.457976
zip4,3953,3953,3953,30.490755,-88.975070
zip4,3954,3954,3954,30.473242,-88.892813
zip4,3955,3955,3955,30.449092,-89.417995
zip4,3956,3956,3956,30.543070,-88.652063
zip4,3957,3957,3957,30.655133,-89.112751
zip4,3958,3958,3958,30.350007,-88.484591
zip4,3959,3959,3959,30.334704,-88.575852
zip4,3960,3960,3960,31.563025,-90.472048
zip4,3962,3962,3962,31.447763,-90.442219
zip4,3963,3963,3963,31.187291,-91.033660
zip4,3964,3964,3964,31.341902,-90.168331
zip4,3965,3965,3965,31.097448,-90.507278
zip4,3966,3966,3966,31.188170,-91.394161
zip4,3970,3970,3970,33.463628,-88.461963
zip4,3973,3973,3973,33.846673,-88.527857
zip4,3974,3974,3974,33.571325,-89.298372
zip4,3975,3975,3975,33.550892,-88.913641
zip4,3976,3976,3976,33.466008,-89.460162
zip4,3977,3977,3977,33.687646,-88.709700
zip4,3981,3981,3981,31.411161,-84.671036
zip4,3982,3982,3982,31.380947,-84.928198
zip4,3983,3983,3983,31.152873,-84.676542
zip4,3984,3984,3984,31.763062,-84.427192
zip4,3985,3985,3985,30.987739,-84.814475
zip4,3986,3986,3986,31.442566,-84.494859
zip4,3987,3987,3987,31.291157,-84.444112
zip4,3988,3988,3988,31.751862,-84.609974
zip4,3989,3989,3989,30.912802,-84.346480
zip4,4000,4000,4000,37.850238,-85.427437
zip4,4001,4001,4001,38.348830,-85.424227
zip4,4002,4002,4002,38.429272,-85.535415
zip4,4003,4003,4003,37.589709,-85.261910
zip4,4004,4004,4004,38.023867,-85.193621
zip4,4005,4005,4005,37.631891,-85.536062
zip4,4006,4006,4006,37.724120,-85.227281
zip4,4007,4007,4007,38.068579,-85.371637
zip4,4010,4010,4010,38.059016,-85.755268
zip4,4011,4011,4011,37.668723,-86.573574
zip4,4012,4012,4012,37.941459,-85.946775
zip4,4014,4014,4014,37.799532,-86.405302
zip4,4015,4015,4015,37.855891,-85.688144
zip4,4016,4016,4016,37.990834,-85.697342
zip4,4017,4017,4017,37.825441,-86.058279
zip4,4020,4020,4020,38.222606,-85.685953
zip4,4021,4021,4021,38.199454,-85.685408
zip4,4022,4022,4022,38.254810,-85.558749
zip4,4023,4023,4023,38.195580,-85.695414
zip4,4024,4024,4024,38.270994,-85.447480
zip4,4025,4025,4025,38.134345,-85.871799
zip4,4027,4027,4027,38.086557,-85.854302
zip4,4028,4028,4028,38.247907,-85.685858
zip4,4029,4029,4029,38.152232,-85.542210
zip4,4031,4031,4031,38.315787,-84.022288
zip4,4032,4032,4032,38.264326,-84.538922
zip4,4033,4033,4033,37.797329,-84.857796
zip4,4034,4034,4034,38.001047,-84.956394
zip4,4035,4035,4035,38.201177,-83.439532
zip4,4036,4036,4036,38.214753,-84.237568
zip4,4037,4037,4037,37.912805,-84.899646
zip4,4038,4038,4038,37.999381,-84.732543
zip4,4039,4039,4039,37.978825,-84.159560
zip4,4040,4040,4040,37.574092,-84.215895
zip4,4041,4041,4041,37.439524,-84.478414
zip4,4042,4042,4042,37.640555,-84.801985
zip4,4043,4043,4043,37.434542,-84.814298
zip4,4044,4044,4044,37.691544,-84.584715
zip4,4045,4045,4045,37.339494,-84.353935
zip4,4046,4046,4046,37.591130,-84.403478
zip4,4047,4047,4047,37.770345,-84.349311
zip4,4048,4048,4048,37.448407,-84.630745
zip4,4050,4050,4050,38.004478,-84.376754
zip4,4051,4051,4051,38.021607,-84.604488
zip4,4052,4052,4052,38.030422,-84.500988
zip4,4053,4053,4053,38.028173,-84.506708
zip4,4060,4060,4060,38.249336,-84.866879
zip4,4070,4070,4070,36.920938,-84.166376
zip4,4072,4072,4072,37.264829,-84.135137
zip4,4073,4073,4073,36.915388,-83.961848
zip4,4074,4074,4074,37.107516,-84.080298
zip4,4075,4075,4075,36.817931,-84.055889
zip4,4076,4076,4076,36.724507,-84.175720
zip4,4077,4077,4077,36.874322,-84.054922
zip4,4080,4080,4080,36.882934,-83.306059
zip4,4081,4081,4081,36.778418,-83.249298
zip4,4082,4082,4082,36.876409,-83.151004
zip4,4083,4083,4083,36.773651,-83.333686
zip4,4084,4084,4084,36.946200,-83.460335
zip4,4085,4085,4085,36.715425,-83.531537
zip4,4086,4086,4086,37.019304,-82.878848
zip4,4087,4087,4087,36.968447,-83.506636
zip4,4090,4090,4090,36.846895,-83.627154
zip4,4091,4091,4091,37.099418,-83.561171
zip4,4092,4092,4092,36.885053,-83.039427
zip4,4093,4093,4093,36.892857,-83.737519
zip4,4094,4094,4094,36.609836,-83.927793
zip4,4095,4095,4095,36.814605,-83.581243
zip4,4096,4096,4096,37.138903,-83.758120
zip4,4097,4097,4097,36.716347,-83.733894
zip4,4098,4098,4098,36.858597,-83.528701
zip4,4099,4099,4099,36.878826,-83.678713
zip4,4100,4100,4100,38.535153,-84.378117
zip4,4101,4101,4101,38.489843,-84.580791
zip4,4103,4103,4103,38.435442,-84.301923
zip4,4104,4104,4104,38.359927,-83.717304
zip4,4105,4105,4105,38.585540,-83.785298
zip4,4106,4106,4106,38.511963,-84.064631
zip4,4107,4107,4107,39.047073,-84.448729
zip4,4108,4108,4108,38.691415,-84.910312
zip4,4109,4109,4109,38.864060,-84.668795
zip4,4110,4110,4110,38.437750,-82.700996
zip4,4112,4112,4112,38.024922,-82.847355
zip4,4113,4113,4113,38.269623,-82.838747
zip4,4114,4114,4114,38.422155,-82.993271
zip4,4115,4115,4115,38.021453,-82.959884
zip4,4116,4116,4116,38.309056,-83.190195
zip4,4117,4117,4117,38.515230,-83.355639
zip4,4118,4118,4118,38.131463,-82.874065
zip4,4120,4120,4120,37.809596,-82.685032
zip4,4121,4121,4121,37.933912,-82.914367
zip4,4122,4122,4122,37.816331,-82.509484
zip4,4123,4123,4123,38.079220,-82.634496
zip4,4124,4124,4124,37.862596,-82.680490
zip4,4125,4125,4125,37.736328,-82.449707
zip4,4126,4126,4126,37.762262,-82.711001
zip4,4127,4127,4127,37.832048,-82.722709
zip4,4130,4130,4130,37.730604,-83.445904
zip4,4131,4131,4131,37.512226,-83.706354
zip4,4133,4133,4133,37.490246,-83.404013
zip4,4134,4134,4134,37.420662,-83.310067
zip4,4135,4135,4135,37.323093,-83.589342
zip4,4136,4136,4136,37.379521,-83.640250
zip4,4138,4138,4138,37.642672,-83.332171
zip4,4139,4139,4139,37.427429,-83.377963
zip4,4140,4140,4140,37.783127,-83.281242
zip4,4142,4142,4142,37.881437,-83.422403
zip4,4146,4146,4146,37.732033,-83.100121
zip4,4147,4147,4147,37.942468,-83.195037
zip4,4150,4150,4150,37.489177,-82.528187
zip4,4151,4151,4151,37.658466,-82.363577
zip4,4152,4152,4152,37.312674,-82.400724
zip4,4153,4153,4153,37.509203,-82.330171
zip4,4154,4154,4154,37.384674,-82.283123
zip4,4155,4155,4155,37.495446,-82.174107
zip4,4156,4156,4156,37.486214,-82.079024
zip4,4157,4157,4157,37.615258,-82.436693
zip4,4160,4160,4160,37.364656,-82.715540
zip4,4161,4161,4161,37.485357,-82.746111
zip4,4162,4162,4162,37.507241,-82.804748
zip4,4163,4163,4163,37.464716,-82.639424
zip4,4164,4164,4164,37.598377,-82.637299
zip4,4165,4165,4165,37.646016,-82.707924
zip4,4166,4166,4166,37.443381,-82.801245
zip4,4170,4170,4170,37.316991,-83.368406
zip4,4171,4171,4171,37.164184,-83.504171
zip4,4172,4172,4172,37.307312,-83.490905
zip4,4173,4173,4173,37.117135,-83.068475
zip4,4174,4174,4174,37.205367,-83.387465
zip4,4175,4175,4175,37.226035,-83.026023
zip4,4176,4176,4176,37.121774,-83.250794
zip4,4177,4177,4177,37.120621,-83.161382
zip4,4180,4180,4180,37.155234,-82.993382
zip4,4181,4181,4181,36.999450,-83.059560
zip4,4182,4182,4182,37.081601,-82.999660
zip4,4183,4183,4183,37.253850,-82.912433
zip4,4184,4184,4184,37.310890,-82.876990
zip4,4185,4185,4185,37.148476,-82.840865
zip4,4186,4186,4186,37.363104,-82.803598
zip4,4200,4200,4200,37.050172,-88.649667
zip4,4202,4202,4202,36.850415,-88.327489
zip4,4203,4203,4203,36.776263,-88.866886
zip4,4204,4204,4204,36.564126,-88.948685
zip4,4205,4205,4205,36.563145,-89.140130
zip4,4206,4206,4206,36.716282,-88.650432
zip4,4207,4207,4207,36.621958,-88.273751
zip4,4208,4208,4208,36.601166,-88.758850
zip4,4210,4210,4210,36.982129,-86.411154
zip4,4212,4212,4212,37.128960,-85.906556
zip4,4213,4213,4213,36.726805,-86.564445
zip4,4214,4214,4214,36.932454,-85.953780
zip4,4215,4215,4215,36.658255,-85.570660
zip4,4216,4216,4216,36.787813,-86.208473
zip4,4217,4217,4217,37.036977,-86.167136
zip4,4220,4220,4220,36.695408,-86.856910
zip4,4221,4221,4221,36.869626,-87.831959
zip4,4222,4222,4222,36.913795,-87.223795
zip4,4223,4223,4223,36.721747,-87.163976
zip4,4224,4224,4224,36.920952,-87.456336
zip4,4225,4225,4225,37.001632,-86.985563
zip4,4226,4226,4226,37.204014,-86.671956
zip4,4227,4227,4227,36.874372,-86.905945
zip4,4228,4228,4228,37.260687,-86.305909
zip4,4230,4230,4230,37.763876,-87.148619
zip4,4232,4232,4232,37.372135,-86.865451
zip4,4233,4233,4233,37.296596,-87.131925
zip4,4234,4234,4234,37.173150,-87.200573
zip4,4235,4235,4235,37.902016,-86.915095
zip4,4236,4236,4236,37.714683,-86.958102
zip4,4237,4237,4237,37.644776,-87.063958
zip4,4240,4240,4240,37.854909,-87.785760
zip4,4241,4241,4241,37.204069,-88.049605
zip4,4242,4242,4242,37.816325,-87.558947
zip4,4243,4243,4243,37.365934,-87.464853
zip4,4244,4244,4244,37.151234,-87.859482
zip4,4245,4245,4245,37.553320,-87.995335
zip4,4246,4246,4246,37.769937,-87.843315
zip4,4250,4250,4250,37.116611,-84.485755
zip4,4251,4251,4251,36.930935,-84.559712
zip4,4252,4252,4252,37.184050,-85.014928
zip4,4253,4253,4253,37.303004,-84.979707
zip4,4254,4254,4254,37.034792,-84.786515
zip4,4255,4255,4255,37.172256,-84.688359
zip4,4256,4256,4256,37.264372,-84.622214
zip4,4260,4260,4260,36.735485,-85.131411
zip4,4262,4262,4262,36.919958,-85.121087
zip4,4263,4263,4263,36.786200,-84.801691
zip4,4264,4264,4264,37.067000,-85.034256
zip4,4265,4265,4265,36.790422,-84.444008
zip4,4270,4270,4270,37.689325,-85.843802
zip4,4271,4271,4271,36.807096,-85.412103
zip4,4272,4272,4272,37.114967,-85.305838
zip4,4273,4273,4273,37.315192,-85.211311
zip4,4274,4274,4274,37.250673,-85.558937
zip4,4275,4275,4275,37.389086,-85.723809
zip4,4276,4276,4276,37.311209,-85.828745
zip4,4277,4277,4277,37.509878,-85.970371
zip4,4278,4278,4278,37.461090,-85.920051
zip4,4300,4300,4300,40.415099,-82.983278
zip4,4301,4301,4301,40.496427,-82.537598
zip4,4302,4302,4302,40.028675,-83.180133
zip4,4303,4303,4303,40.156354,-82.670331
zip4,4304,4304,4304,40.245047,-83.379106
zip4,4305,4305,4305,40.382759,-82.520549
zip4,4306,4306,4306,40.118737,-83.286244
zip4,4307,4307,4307,40.124048,-83.823034
zip4,4308,4308,4308,40.245875,-82.420994
zip4,4310,4310,4310,39.858110,-82.611875
zip4,4311,4311,4311,39.597643,-82.970028
zip4,4312,4312,4312,39.870871,-83.133775
zip4,4313,4313,4313,39.682277,-82.597909
zip4,4314,4314,4314,39.835543,-83.390370
zip4,4315,4315,4315,39.747898,-83.576985
zip4,4316,4316,4316,39.545499,-83.447361
zip4,4320,4320,4320,39.937631,-82.962421
zip4,4321,4321,4321,40.003217,-82.937249
zip4,4322,4322,4322,39.922923,-83.029520
zip4,4323,4323,4323,39.921411,-82.874888
zip4,4324,4324,4324,40.142494,-82.982287
zip4,4330,4330,4330,40.600254,-83.159134
zip4,4331,4331,4331,40.955196,-83.378746
zip4,4332,4332,4332,40.634947,-83.608004
zip4,4333,4333,4333,40.404399,-82.793521
zip4,4334,4334,4334,40.477736,-83.292361
zip4,4335,4335,4335,40.829259,-83.317566
zip4,4336,4336,4336,40.351374,-83.633021
zip4,4340,4340,4340,41.396703,-83.645151
zip4,4341,4341,4341,41.242793,-83.665170
zip4,4342,4342,4342,41.364090,-83.114219
zip4,4343,4343,4343,41.377859,-83.328053
zip4,4344,4344,4344,41.512812,-83.140112
zip4,4345,4345,4345,41.522115,-83.017252
zip4,4346,4346,4346,41.290779,-83.716590
zip4,4350,4350,4350,41.461526,-84.557752
zip4,4351,4351,4351,41.308868,-84.368617
zip4,4352,4352,4352,41.231275,-84.074622
zip4,4353,4353,4353,41.391351,-83.924143
zip4,4354,4354,4354,41.393488,-84.096063
zip4,4355,4355,4355,41.533939,-83.612277
zip4,4356,4356,4356,41.571742,-84.162651
zip4,4357,4357,4357,41.600325,-84.437169
zip4,4360,4360,4360,41.644717,-83.564736
zip4,4361,4361,4361,41.699516,-83.550006
zip4,4362,4362,4362,41.714718,-83.638205
zip4,4370,4370,4370,39.958517,-81.994696
zip4,4371,4371,4371,39.933577,-81.113609
zip4,4372,4372,4372,39.729931,-81.500285
zip4,4373,4373,4373,39.842391,-81.677453
zip4,4374,4374,4374,40.158904,-81.585060
zip4,4375,4375,4375,39.682237,-81.835236
zip4,4376,4376,4376,40.016120,-81.757883
zip4,4377,4377,4377,39.826553,-82.032689
zip4,4378,4378,4378,39.533254,-81.800365
zip4,4379,4379,4379,39.747740,-81.066663
zip4,4380,4380,4380,40.452500,-81.744142
zip4,4381,4381,4381,40.295353,-81.909402
zip4,4382,4382,4382,40.166801,-82.125810
zip4,4383,4383,4383,40.282480,-81.552779
zip4,4384,4384,4384,40.332264,-82.092793
zip4,4390,4390,4390,40.250151,-80.994630
zip4,4391,4391,4391,39.751099,-80.911174
zip4,4392,4392,4392,40.678318,-80.584010
zip4,4393,4393,4393,39.945400,-80.919839
zip4,4394,4394,4394,39.635357,-80.969030
zip4,4395,4395,4395,40.101237,-80.903753
zip4,4396,4396,4396,40.544942,-80.662872
zip4,4397,4397,4397,40.186248,-81.311908
zip4,4398,4398,4398,40.399288,-81.051335
zip4,4400,4400,4400,41.858962,-80.788974
zip4,4401,4401,4401,41.475478,-82.017933
zip4,4402,4402,4402,41.507102,-81.250675
zip4,4403,4403,4403,41.366976,-82.090373
zip4,4404,4404,4404,41.736531,-80.728479
zip4,4405,4405,4405,41.448700,-82.151445
zip4,4406,4406,4406,41.446578,-81.038540
zip4,4407,4407,4407,41.534839,-80.821684
zip4,4408,4408,4408,41.641357,-80.910180
zip4,4409,4409,4409,41.169279,-82.209898
zip4,4410,4410,4410,41.492264,-81.631944
zip4,4411,4411,4411,41.459553,-81.786845
zip4,4412,4412,4412,41.454709,-81.527653
zip4,4413,4413,4413,41.372354,-81.664287
zip4,4414,4414,4414,41.310105,-81.640317
zip4,4420,4420,4420,41.034250,-81.183642
zip4,4421,4421,4421,40.936664,-81.945382
zip4,4422,4422,4422,41.172659,-81.480193
zip4,4423,4423,4423,41.312981,-81.102005
zip4,4424,4424,4424,41.169335,-81.354024
zip4,4425,4425,4425,41.100039,-81.887689
zip4,4426,4426,4426,41.161389,-81.198687
zip4,4427,4427,4427,41.106213,-82.088097
zip4,4428,4428,4428,40.936827,-82.091150
zip4,4430,4430,4430,41.063394,-81.475835
zip4,4431,4431,4431,40.996074,-81.491405
zip4,4432,4432,4432,41.088245,-81.615178
zip4,4433,4433,4433,41.148839,-81.640861
zip4,4440,4440,4440,41.399241,-80.851900
zip4,4441,4441,4441,41.376913,-80.710056
zip4,4442,4442,4442,40.737714,-80.942672
zip4,4443,4443,4443,40.789792,-80.760856
zip4,4444,4444,4444,41.179626,-80.976060
zip4,4445,4445,4445,41.452940,-80.823971
zip4,4446,4446,4446,40.907459,-80.861505
zip4,4447,4447,4447,41.255256,-80.660784
zip4,4448,4448,4448,41.229169,-80.790869
zip4,4449,4449,4449,41.366365,-80.995185
zip4,4450,4450,4450,41.116813,-80.611158
zip4,4451,4451,4451,41.045113,-80.660916
zip4,4455,4455,4455,41.106840,-80.648002
zip4,4460,4460,4460,40.910604,-81.109604
zip4,4461,4461,4461,40.580656,-81.054961
zip4,4462,4462,4462,40.543650,-82.182539
zip4,4463,4463,4463,40.485957,-82.047972
zip4,4464,4464,4464,40.903858,-81.716726
zip4,4465,4465,4465,40.518752,-81.888026
zip4,4466,4466,4466,40.454938,-81.466042
zip4,4467,4467,4467,40.686779,-82.019054
zip4,4468,4468,4468,40.355192,-81.314015
zip4,4469,4469,4469,40.803531,-81.978847
zip4,4470,4470,4470,40.794944,-81.360992
zip4,4471,4471,4471,40.849907,-81.453965
zip4,4472,4472,4472,40.896704,-81.424824
zip4,4473,4473,4473,40.767542,-81.255023
zip4,4480,4480,4480,40.863654,-82.315335
zip4,4481,4481,4481,40.592291,-82.554576
zip4,4482,4482,4482,40.824228,-82.887527
zip4,4483,4483,4483,41.177125,-83.395555
zip4,4484,4484,4484,40.685184,-82.219726
zip4,4485,4485,4485,41.131000,-82.471094
zip4,4486,4486,4486,40.989119,-82.694489
zip4,4487,4487,4487,40.916801,-82.620955
zip4,4488,4488,4488,41.067972,-83.141126
zip4,4489,4489,4489,41.095563,-82.741320
zip4,4490,4490,4490,40.742755,-82.539994
zip4,4500,4500,4500,39.199224,-84.730181
zip4,4501,4501,4501,39.403655,-84.583398
zip4,4503,4503,4503,39.417001,-84.237006
zip4,4504,4504,4504,39.452139,-84.414978
zip4,4505,4505,4505,39.451482,-84.065326
zip4,4506,4506,4506,39.529853,-84.075744
zip4,4507,4507,4507,39.591102,-84.559252
zip4,4510,4510,4510,39.019429,-84.166168
zip4,4511,4511,4511,39.171229,-83.925472
zip4,4512,4512,4512,39.337104,-83.389572
zip4,4513,4513,4513,39.221068,-83.577895
zip4,4514,4514,4514,38.699933,-83.615973
zip4,4515,4515,4515,39.339830,-84.117073
zip4,4516,4516,4516,39.502958,-83.664875
zip4,4517,4517,4517,39.461618,-83.821936
zip4,4520,4520,4520,39.124532,-84.459323
zip4,4521,4521,4521,39.158810,-84.598819
zip4,4522,4522,4522,39.169848,-84.554570
zip4,4523,4523,4523,39.114759,-84.643223
zip4,4524,4524,4524,39.202435,-84.640852
zip4,4525,4525,4525,39.274091,-84.615010
zip4,4526,4526,4526,39.137774,-84.503045
zip4,4530,4530,4530,40.402107,-84.196943
zip4,4531,4531,4531,39.623060,-84.639504
zip4,4532,4532,4532,39.779078,-84.695422
zip4,4533,4533,4533,40.068399,-84.649710
zip4,4534,4534,4534,39.920266,-84.738470
zip4,4535,4535,4535,40.174733,-84.217086
zip4,4536,4536,4536,40.288162,-84.188454
zip4,4537,4537,4537,39.987325,-84.175646
zip4,4538,4538,4538,39.702080,-83.915076
zip4,4539,4539,4539,40.216753,-84.762722
zip4,4540,4540,4540,39.760399,-84.221042
zip4,4541,4541,4541,39.732492,-84.266376
zip4,4542,4542,4542,39.860984,-84.109640
zip4,4543,4543,4543,39.743865,-84.066443
zip4,4544,4544,4544,39.661379,-84.242577
zip4,4545,4545,4545,39.617963,-84.153660
zip4,4546,4546,4546,39.740376,-84.179054
zip4,4550,4550,4550,39.926776,-83.816083
zip4,4560,4560,4560,39.309663,-82.995405
zip4,4561,4561,4561,39.207102,-83.278713
zip4,4562,4562,4562,38.631401,-82.263647
zip4,4563,4563,4563,38.572205,-82.709300
zip4,4564,4564,4564,39.025360,-82.603781
zip4,4565,4565,4565,38.674669,-82.618047
zip4,4566,4566,4566,38.766594,-83.113149
zip4,4567,4567,4567,39.205105,-82.681292
zip4,4568,4568,4568,38.981651,-82.389903
zip4,4569,4569,4569,39.120393,-83.043031
zip4,4570,4570,4570,39.301667,-82.080910
zip4,4571,4571,4571,39.197573,-82.193611
zip4,4572,4572,4572,39.647077,-81.488838
zip4,4573,4573,4573,39.527020,-82.058102
zip4,4574,4574,4574,39.583868,-81.406920
zip4,4575,4575,4575,39.439698,-81.440984
zip4,4576,4576,4576,39.405687,-82.221765
zip4,4577,4577,4577,39.138066,-81.833401
zip4,4578,4578,4578,39.523738,-81.353739
zip4,4580,4580,4580,40.738926,-84.089134
zip4,4581,4581,4581,40.774258,-83.822750
zip4,4582,4582,4582,40.538912,-84.619889
zip4,4583,4583,4583,40.901286,-84.096086
zip4,4584,4584,4584,40.325531,-84.368748
zip4,4585,4585,4585,41.101884,-83.909382
zip4,4586,4586,4586,40.425102,-84.436683
zip4,4587,4587,4587,41.135873,-84.519934
zip4,4588,4588,4588,40.667631,-84.675107
zip4,4589,4589,4589,40.575475,-84.116538
zip4,4600,4600,4600,40.233759,-85.653682
zip4,4601,4601,4601,40.126622,-85.717381
zip4,4603,4603,4603,39.978680,-86.041243
zip4,4604,4604,4604,40.312663,-86.551119
zip4,4605,4605,4605,40.089460,-86.445611
zip4,4606,4606,4606,40.050021,-85.980973
zip4,4607,4607,4607,40.316635,-86.049135
zip4,4610,4610,4610,39.519759,-86.201534
zip4,4611,4611,4611,39.647136,-86.524081
zip4,4612,4612,4612,39.624811,-85.876395
zip4,4613,4613,4613,39.478385,-86.035594
zip4,4614,4614,4614,39.823273,-85.795150
zip4,4615,4615,4615,39.480960,-86.406572
zip4,4616,4616,4616,39.669533,-85.710796
zip4,4617,4617,4617,39.828561,-86.851271
zip4,4618,4618,4618,39.563858,-86.074602
zip4,4620,4620,4620,39.774676,-86.128663
zip4,4621,4621,4621,39.799943,-86.071539
zip4,4622,4622,4622,39.821112,-86.037022
zip4,4623,4623,4623,39.704412,-85.999577
zip4,4624,4624,4624,39.716291,-86.272095
zip4,4625,4625,4625,39.898403,-86.045175
zip4,4626,4626,4626,39.896116,-86.209477
zip4,4627,4627,4627,39.905183,-86.296951
zip4,4628,4628,4628,39.945177,-86.142171
zip4,4629,4629,4629,39.936012,-86.164366
zip4,4630,4630,4630,41.387878,-87.369870
zip4,4631,4631,4631,41.223006,-87.210513
zip4,4632,4632,4632,41.588431,-87.478856
zip4,4634,4634,4634,41.312760,-87.026543
zip4,4635,4635,4635,41.622924,-86.748223
zip4,4636,4636,4636,41.226108,-86.767737
zip4,4637,4637,4637,41.199641,-86.900337
zip4,4638,4638,4638,41.454560,-87.073600
zip4,4639,4639,4639,41.179463,-87.063206
zip4,4640,4640,4640,41.585899,-87.327423
zip4,4641,4641,4641,41.480674,-87.325889
zip4,4650,4650,4650,41.708126,-85.825278
zip4,4651,4651,4651,41.119446,-85.891278
zip4,4652,4652,4652,41.587769,-85.821848
zip4,4653,4653,4653,41.327912,-86.610106
zip4,4654,4654,4654,41.395311,-85.876710
zip4,4655,4655,4655,41.441236,-85.978828
zip4,4656,4656,4656,41.356819,-86.310752
zip4,4657,4657,4657,41.482525,-86.480779
zip4,4658,4658,4658,41.225417,-85.911186
zip4,4659,4659,4659,41.224438,-85.820412
zip4,4660,4660,4660,41.668439,-86.252244
zip4,4661,4661,4661,41.632520,-86.287567
zip4,4662,4662,4662,41.722575,-86.336607
zip4,4663,4663,4663,41.732784,-86.235929
zip4,4670,4670,4670,41.663265,-85.023114
zip4,4671,4671,4671,40.714034,-85.155463
zip4,4672,4672,4672,41.139244,-85.465131
zip4,4673,4673,4673,40.824773,-84.962992
zip4,4674,4674,4674,40.600508,-84.945198
zip4,4675,4675,4675,40.864466,-85.454076
zip4,4676,4676,4676,41.640363,-85.382772
zip4,4677,4677,4677,41.040223,-84.923397
zip4,4678,4678,4678,41.293042,-84.891990
zip4,4679,4679,4679,40.680474,-85.458895
zip4,4680,4680,4680,41.044194,-85.172027
zip4,4681,4681,4681,41.122435,-85.261756
zip4,4682,4682,4682,41.153372,-85.130577
zip4,4683,4683,4683,41.153119,-85.042688
zip4,4684,4684,4684,41.209897,-85.106149
zip4,4690,4690,4690,40.497763,-86.182435
zip4,4691,4691,4691,40.602255,-85.914527
zip4,4692,4692,4692,40.407271,-85.718192
zip4,4693,4693,4693,40.457335,-85.642788
zip4,4694,4694,4694,40.742660,-86.426685
zip4,4695,4695,4695,40.564250,-85.586925
zip4,4696,4696,4696,40.993339,-85.779203
zip4,4697,4697,4697,40.757898,-86.073823
zip4,4698,4698,4698,40.956734,-86.578648
zip4,4699,4699,4699,41.038921,-86.624688
zip4,4700,4700,4700,39.295163,-85.215425
zip4,4701,4701,4701,39.394855,-84.960901
zip4,4702,4702,4702,39.185819,-84.902143
zip4,4703,4703,4703,39.131206,-85.225495
zip4,4704,4704,4704,39.242010,-85.078687
zip4,4706,4706,4706,39.298949,-84.896510
zip4,4710,4710,4710,38.462094,-85.901409
zip4,4711,4711,4711,38.206869,-86.141546
zip4,4712,4712,4712,38.459626,-86.273208
zip4,4713,4713,4713,38.037860,-86.079585
zip4,4714,4714,4714,38.346246,-86.329886
zip4,4715,4715,4715,38.283237,-85.854222
zip4,4716,4716,4716,38.504045,-86.082578
zip4,4717,4717,4717,38.677616,-85.845484
zip4,4720,4720,4720,39.176125,-85.899192
zip4,4722,4722,4722,38.873923,-85.660162
zip4,4723,4723,4723,38.792344,-85.635368
zip4,4724,4724,4724,39.314735,-85.571887
zip4,4725,4725,4725,38.843555,-85.374227
zip4,4726,4726,4726,39.016261,-85.636733
zip4,4727,4727,4727,38.968828,-85.942275
zip4,4728,4728,4728,39.177016,-85.572955
zip4,4730,4730,4730,40.223344,-85.409035
zip4,4732,4732,4732,40.550361,-84.982753
zip4,4733,4733,4733,39.671160,-85.169696
zip4,4734,4734,4734,40.479403,-85.335754
zip4,4735,4735,4735,40.039677,-85.021335
zip4,4736,4736,4736,39.953263,-85.392341
zip4,4737,4737,4737,40.422211,-84.974203
zip4,4738,4738,4738,40.277664,-85.051378
zip4,4739,4739,4739,40.213805,-84.947681
zip4,4740,4740,4740,39.182897,-86.527196
zip4,4742,4742,4742,38.864995,-86.466247
zip4,4743,4743,4743,39.340852,-86.617388
zip4,4744,4744,4744,38.742098,-86.523763
zip4,4745,4745,4745,38.561667,-86.432615
zip4,4746,4746,4746,39.303508,-86.824786
zip4,4747,4747,4747,39.146510,-87.019004
zip4,4750,4750,4750,38.663301,-87.162748
zip4,4751,4751,4751,38.781712,-87.374806
zip4,4752,4752,4752,38.176795,-87.015187
zip4,4753,4753,4753,38.208008,-86.861803
zip4,4754,4754,4754,38.352557,-86.948520
zip4,4755,4755,4755,38.694124,-86.967672
zip4,4756,4756,4756,38.463640,-87.297269
zip4,4757,4757,4757,38.883226,-87.184024
zip4,4758,4758,4758,38.035266,-86.696982
zip4,4759,4759,4759,38.369607,-87.182559
zip4,4760,4760,4760,38.048495,-87.263835
zip4,4761,4761,4761,38.001257,-87.000549
zip4,4762,4762,4762,37.941710,-87.879745
zip4,4763,4763,4763,37.906739,-87.179689
zip4,4764,4764,4764,38.351433,-87.445386
zip4,4765,4765,4765,38.254238,-87.389968
zip4,4766,4766,4766,38.298776,-87.320031
zip4,4767,4767,4767,38.340601,-87.587815
zip4,4768,4768,4768,38.276763,-87.377102
zip4,4770,4770,4770,37.970081,-87.573895
zip4,4771,4771,4771,37.960510,-87.511367
zip4,4772,4772,4772,38.064903,-87.638577
zip4,4780,4780,4780,39.436722,-87.340294
zip4,4783,4783,4783,38.967182,-87.383819
zip4,4784,4784,4784,39.326093,-87.141432
zip4,4785,4785,4785,39.256458,-87.458519
zip4,4786,4786,4786,39.294713,-87.326018
zip4,4787,4787,4787,39.737242,-87.173673
zip4,4788,4788,4788,39.079411,-87.406424
zip4,4790,4790,4790,40.395325,-86.871754
zip4,4791,4791,4791,40.315807,-87.195357
zip4,4792,4792,4792,40.608560,-86.919055
zip4,4793,4793,4793,40.043028,-86.847470
zip4,4794,4794,4794,40.654651,-87.335181
zip4,4795,4795,4795,39.905577,-86.820607
zip4,4796,4796,4796,40.953238,-87.410937
zip4,4797,4797,4797,40.891308,-87.104381
zip4,4798,4798,4798,39.889620,-87.048600
zip4,4799,4799,4799,40.312108,-87.412007
zip4,4800,4800,4800,42.920188,-82.983627
zip4,4801,4801,4801,43.029190,-82.926649
zip4,4802,4802,4802,42.944525,-82.682134
zip4,4803,4803,4803,42.695063,-82.552349
zip4,4804,4804,4804,42.940771,-82.804173
zip4,4805,4805,4805,42.755673,-82.544529
zip4,4806,4806,4806,42.809393,-82.738826
zip4,4807,4807,4807,42.934270,-82.561247
zip4,4808,4808,4808,42.599922,-83.119886
zip4,4809,4809,4809,42.771139,-82.979809
zip4,4810,4810,4810,42.287031,-83.769185
zip4,4811,4811,4811,42.325017,-84.049267
zip4,4812,4812,4812,42.308265,-83.223662
zip4,4813,4813,4813,41.958300,-83.672824
zip4,4814,4814,4814,41.882587,-83.587628
zip4,4815,4815,4815,42.155655,-84.030868
zip4,4816,4816,4816,41.942282,-83.444003
zip4,4817,4817,4817,42.144143,-83.819380
zip4,4818,4818,4818,42.292836,-83.442155
zip4,4819,4819,4819,42.191637,-83.621129
zip4,4820,4820,4820,42.386697,-83.104255
zip4,4821,4821,4821,42.385795,-83.006925
zip4,4822,4822,4822,42.364117,-83.208351
zip4,4823,4823,4823,42.366464,-83.281255
zip4,4824,4824,4824,42.217269,-83.351125
zip4,4830,4830,4830,42.706603,-83.154274
zip4,4831,4831,4831,42.636528,-83.032725
zip4,4832,4832,4832,42.600717,-83.382688
zip4,4833,4833,4833,42.502001,-83.378032
zip4,4834,4834,4834,42.766164,-83.406001
zip4,4835,4835,4835,42.716288,-83.273326
zip4,4836,4836,4836,42.842769,-83.140708
zip4,4837,4837,4837,42.851064,-83.269443
zip4,4838,4838,4838,42.599434,-83.576468
zip4,4839,4839,4839,42.545065,-83.498355
zip4,4840,4840,4840,43.355193,-82.649277
zip4,4841,4841,4841,43.263753,-83.842481
zip4,4842,4842,4842,43.538306,-82.717435
zip4,4843,4843,4843,43.076976,-83.872747
zip4,4844,4844,4844,43.045813,-83.342037
zip4,4845,4845,4845,42.940001,-83.316942
zip4,4846,4846,4846,43.198483,-83.206251
zip4,4847,4847,4847,42.936539,-83.838829
zip4,4850,4850,4850,43.011096,-83.654973
zip4,4851,4851,4851,42.989535,-83.607818
zip4,4852,4852,4852,42.968818,-83.663507
zip4,4853,4853,4853,43.005465,-83.798470
zip4,4860,4860,4860,43.419592,-83.878983
zip4,4861,4861,4861,43.818012,-84.600437
zip4,4862,4862,4862,43.981205,-84.582497
zip4,4863,4863,4863,43.723974,-84.032733
zip4,4864,4864,4864,43.663811,-84.244544
zip4,4865,4865,4865,43.291341,-84.142077
zip4,4866,4866,4866,44.341998,-84.218194
zip4,4870,4870,4870,44.687221,-83.661895
zip4,4871,4871,4871,43.556606,-83.988337
zip4,4872,4872,4872,43.564615,-83.265739
zip4,4873,4873,4873,44.344851,-83.483148
zip4,4874,4874,4874,44.669494,-83.406680
zip4,4875,4875,4875,44.435079,-83.494051
zip4,4876,4876,4876,43.653837,-83.479542
zip4,4877,4877,4877,44.259234,-83.815450
zip4,4880,4880,4880,43.182430,-84.481462
zip4,4881,4881,4881,42.560732,-84.852125
zip4,4882,4882,4882,42.856984,-84.631509
zip4,4883,4883,4883,43.177958,-85.263137
zip4,4884,4884,4884,43.265499,-84.572156
zip4,4885,4885,4885,43.618398,-84.775291
zip4,4886,4886,4886,42.996229,-84.282581
zip4,4887,4887,4887,43.047385,-84.572237
zip4,4888,4888,4888,43.312208,-85.120079
zip4,4889,4889,4889,42.659049,-84.255516
zip4,4890,4890,4890,42.781922,-84.587304
zip4,4891,4891,4891,42.703414,-84.573361
zip4,4893,4893,4893,42.733079,-84.556030
zip4,4900,4900,4900,42.275481,-85.652139
zip4,4901,4901,4901,42.524279,-85.872479
zip4,4902,4902,4902,42.455034,-85.090792
zip4,4903,4903,4903,41.900674,-85.043782
zip4,4904,4904,4904,42.032562,-86.080566
zip4,4905,4905,4905,42.605587,-85.313063
zip4,4906,4906,4906,42.001836,-85.797106
zip4,4907,4907,4907,42.229331,-85.881938
zip4,4908,4908,4908,42.454003,-85.577664
zip4,4909,4909,4909,42.080137,-84.972527
zip4,4910,4910,4910,41.890774,-86.418443
zip4,4911,4911,4911,41.807823,-86.047429
zip4,4912,4912,4912,41.846814,-86.220835
zip4,4913,4913,4913,41.774921,-85.859720
zip4,4920,4920,4920,42.258292,-84.394383
zip4,4922,4922,4922,41.946092,-84.071120
zip4,4923,4923,4923,42.102206,-84.288350
zip4,4924,4924,4924,42.099989,-84.565368
zip4,4925,4925,4925,42.029885,-84.674383
zip4,4926,4926,4926,41.960263,-84.473801
zip4,4927,4927,4927,42.395400,-84.436103
zip4,4928,4928,4928,42.021581,-83.980136
zip4,4930,4930,4930,43.702884,-85.528095
zip4,4931,4931,4931,42.786586,-85.659695
zip4,4932,4932,4932,43.375399,-85.777978
zip4,4933,4933,4933,43.460818,-85.671575
zip4,4934,4934,4934,43.621792,-85.751071
zip4,4940,4940,4940,43.927348,-86.094800
zip4,4941,4941,4941,44.073381,-86.191589
zip4,4942,4942,4942,43.590637,-86.084774
zip4,4943,4943,4943,43.450981,-86.359563
zip4,4944,4944,4944,43.249080,-86.190203
zip4,4945,4945,4945,43.290988,-86.051845
zip4,4946,4946,4946,43.379218,-86.332180
zip4,4950,4950,4950,42.916663,-85.637401
zip4,4951,4951,4951,42.892854,-85.547240
zip4,4952,4952,4952,43.017323,-85.588149
zip4,4953,4953,4953,42.963095,-85.799454
zip4,4954,4954,4954,42.928855,-85.539467
zip4,4960,4960,4960,44.256269,-85.435289
zip4,4961,4961,4961,44.303909,-85.975522
zip4,4962,4962,4962,44.459537,-85.852144
zip4,4963,4963,4963,44.557282,-85.202060
zip4,4964,4964,4964,44.749320,-85.055586
zip4,4965,4965,4965,44.034476,-85.564220
zip4,4966,4966,4966,44.417591,-85.558206
zip4,4967,4967,4967,43.898223,-85.149943
zip4,4968,4968,4968,44.118915,-85.437530
zip4,4969,4969,4969,44.762873,-85.378763
zip4,4970,4970,4970,45.021720,-84.160961
zip4,4971,4971,4971,46.385230,-84.638408
zip4,4972,4972,4972,45.570497,-84.454352
zip4,4973,4973,4973,44.840567,-84.610475
zip4,4974,4974,4974,46.042557,-84.511017
zip4,4975,4975,4975,44.897514,-84.334147
zip4,4976,4976,4976,46.100884,-85.133565
zip4,4977,4977,4977,45.343069,-84.908990
zip4,4978,4978,4978,46.366434,-84.218998
zip4,4979,4979,4979,45.246543,-84.568675
zip4,4980,4980,4980,46.797286,-87.878734
zip4,4981,4981,4981,46.189543,-87.960905
zip4,4982,4982,4982,45.528196,-87.595242
zip4,4983,4983,4983,46.032005,-87.804584
zip4,4984,4984,4984,46.393112,-87.754709
zip4,4985,4985,4985,46.062938,-86.341837
zip4,4986,4986,4986,46.490722,-85.497187
zip4,4987,4987,4987,45.929218,-86.804361
zip4,4988,4988,4988,46.407106,-86.201829
zip4,4989,4989,4989,46.170418,-86.716270
zip4,4990,4990,4990,46.318676,-88.491637
zip4,4991,4991,4991,46.960373,-88.591006
zip4,4992,4992,4992,46.168488,-88.304639
zip4,4993,4993,4993,46.159659,-88.741665
zip4,4994,4994,4994,46.446464,-89.570751
zip4,4995,4995,4995,46.797545,-89.506517
zip4,4996,4996,4996,46.380487,-88.959888
zip4,4997,4997,4997,46.563783,-88.627201
zip4,5000,5000,5000,42.129155,-93.033587
zip4,5001,5001,5001,42.051625,-93.629241
zip4,5002,5002,5002,41.739131,-94.909361
zip4,5003,5003,5003,42.096377,-93.859171
zip4,5004,5004,5004,41.021220,-93.327357
zip4,5005,5005,5005,42.159075,-94.503701
zip4,5006,5006,5006,40.775883,-93.346063
zip4,5007,5007,5007,41.592515,-94.865514
zip4,5010,5010,5010,41.884175,-92.796311
zip4,5011,5011,5011,41.691660,-94.570421
zip4,5012,5012,5012,42.437316,-93.244763
zip4,5013,5013,5013,41.273596,-93.097398
zip4,5014,5014,5014,40.711909,-93.716241
zip4,5015,5015,5015,42.047107,-92.912653
zip4,5016,5016,5016,41.775105,-93.306064
zip4,5017,5017,5017,41.525498,-93.093968
zip4,5020,5020,5020,41.419714,-92.639252
zip4,5021,5021,5021,41.424903,-92.964813
zip4,5022,5022,5022,41.560220,-93.247627
zip4,5023,5023,5023,42.274396,-93.442459
zip4,5024,5024,5024,42.285611,-93.849621
zip4,5025,5025,5025,41.265191,-92.916362
zip4,5026,5026,5026,40.891068,-93.738239
zip4,5027,5027,5027,41.341829,-94.040697
zip4,5030,5030,5030,41.586934,-93.624375
zip4,5031,5031,5031,41.622105,-93.601931
zip4,5032,5032,5032,41.632937,-93.777027
zip4,5040,5040,5040,43.144175,-93.190144
zip4,5042,5042,5042,42.826937,-93.559488
zip4,5043,5043,5043,43.107186,-93.613216
zip4,5044,5044,5044,43.320375,-93.377265
zip4,5045,5045,5045,43.397062,-93.429441
zip4,5046,5046,5046,43.025481,-93.048257
zip4,5047,5047,5047,42.912627,-93.269046
zip4,5048,5048,5048,43.176608,-93.987549
zip4,5050,5050,5050,42.465671,-94.176778
zip4,5051,5051,5051,42.762824,-94.992690
zip4,5052,5052,5052,42.735341,-93.730522
zip4,5053,5053,5053,43.119980,-94.710287
zip4,5054,5054,5054,42.735312,-94.197441
zip4,5055,5055,5055,42.362545,-94.042190
zip4,5056,5056,5056,42.542702,-94.522914
zip4,5057,5057,5057,43.302464,-94.552992
zip4,5058,5058,5058,42.677988,-95.148916
zip4,5059,5059,5059,42.478865,-93.833709
zip4,5060,5060,5060,42.629627,-92.968138
zip4,5061,5061,5061,43.071473,-92.688658
zip4,5062,5062,5062,42.634809,-92.127147
zip4,5063,5063,5063,42.902862,-92.827424
zip4,5064,5064,5064,42.502887,-91.953766
zip4,5065,5065,5065,42.319233,-92.206127
zip4,5066,5066,5066,42.583264,-92.703499
zip4,5067,5067,5067,42.807639,-92.265113
zip4,5068,5068,5068,42.451998,-91.669745
zip4,5070,5070,5070,42.497698,-92.264672
zip4,5080,5080,5080,41.068572,-94.398223
zip4,5083,5083,5083,40.684110,-94.584682
zip4,5084,5084,5084,41.306580,-94.443850
zip4,5085,5085,5085,40.710729,-94.228356
zip4,5086,5086,5086,40.880619,-94.220179
zip4,5100,5100,5100,42.837437,-96.541252
zip4,5101,5101,5101,42.757098,-95.598123
zip4,5102,5102,5102,42.583053,-96.085374
zip4,5103,5103,5103,42.846233,-96.180823
zip4,5104,5104,5104,42.031359,-96.073526
zip4,5105,5105,5105,42.270304,-96.250888
zip4,5106,5106,5106,42.126436,-96.181362
zip4,5110,5110,5110,42.525166,-96.382275
zip4,5111,5111,5111,42.425732,-96.384538
zip4,5120,5120,5120,43.193406,-95.850939
zip4,5123,5123,5123,43.276180,-95.998655
zip4,5124,5124,5124,43.308837,-96.440621
zip4,5125,5125,5125,43.076870,-96.195108
zip4,5130,5130,5130,43.135552,-95.148430
zip4,5133,5133,5133,43.400253,-94.796658
zip4,5134,5134,5134,43.232391,-94.803313
zip4,5135,5135,5135,43.327754,-95.186473
zip4,5136,5136,5136,42.969523,-95.011054
zip4,5140,5140,5140,42.066277,-94.894580
zip4,5143,5143,5143,42.184337,-95.042768
zip4,5144,5144,5144,41.731859,-95.181500
zip4,5145,5145,5145,41.884711,-95.130469
zip4,5146,5146,5146,42.157628,-95.488784
zip4,5150,5150,5150,41.211398,-95.798493
zip4,5151,5151,5151,41.282339,-95.913764
zip4,5152,5152,5152,41.885388,-95.569431
zip4,5153,5153,5153,41.195346,-95.127804
zip4,5154,5154,5154,41.653212,-95.754494
zip4,5155,5155,5155,41.549917,-95.935282
zip4,5156,5156,5156,41.314011,-95.384438
zip4,5157,5157,5157,41.767906,-95.723614
zip4,5160,5160,5160,40.720250,-95.331092
zip4,5163,5163,5163,40.747854,-95.068601
zip4,5164,5164,5164,40.866181,-95.496031
zip4,5165,5165,5165,40.779815,-95.649517
zip4,5200,5200,5200,42.498031,-90.734877
zip4,5203,5203,5203,42.283541,-90.923032
zip4,5204,5204,5204,42.477884,-91.109525
zip4,5205,5205,5205,42.513766,-91.459015
zip4,5206,5206,5206,42.100633,-90.668653
zip4,5207,5207,5207,42.924574,-91.360638
zip4,5210,5210,5210,43.336366,-91.780803
zip4,5213,5213,5213,43.320647,-92.189581
zip4,5214,5214,5214,43.427092,-91.515546
zip4,5215,5215,5215,43.053902,-91.361195
zip4,5216,5216,5216,43.090046,-91.548083
zip4,5217,5217,5217,43.262704,-91.438544
zip4,5220,5220,5220,42.114155,-91.251159
zip4,5221,5221,5221,42.234328,-91.596478
zip4,5222,5222,5222,42.115750,-92.244867
zip4,5223,5223,5223,42.358749,-91.218913
zip4,5224,5224,5224,41.593924,-91.662672
zip4,5225,5225,5225,41.949172,-90.815532
zip4,5230,5230,5230,41.786335,-92.078693
zip4,5231,5231,5231,42.212429,-91.218201
zip4,5232,5232,5232,42.355384,-91.847916
zip4,5233,5233,5233,41.799270,-91.446840
zip4,5234,5234,5234,42.128347,-92.017362
zip4,5235,5235,5235,42.281526,-91.795883
zip4,5236,5236,5236,41.651807,-92.008304
zip4,5240,5240,5240,41.944474,-91.679014
zip4,5241,5241,5241,42.043689,-91.729088
zip4,5250,5250,5250,41.041144,-92.422794
zip4,5253,5253,5253,41.036084,-92.785368
zip4,5254,5254,5254,40.694420,-92.907962
zip4,5255,5255,5255,41.141968,-92.639676
zip4,5256,5256,5256,41.185322,-92.346644
zip4,5257,5257,5257,40.838130,-92.860407
zip4,5258,5258,5258,40.819265,-93.121974
zip4,5259,5259,5259,41.328834,-92.195336
zip4,5260,5260,5260,40.848403,-91.127196
zip4,5261,5261,5261,40.530024,-91.579776
zip4,5262,5262,5262,40.671627,-91.699781
zip4,5263,5263,5263,41.015096,-91.146188
zip4,5264,5264,5264,40.994355,-91.535427
zip4,5265,5265,5265,41.187872,-91.174801
zip4,5266,5266,5266,40.994355,-91.310089
zip4,5270,5270,5270,41.983347,-90.248808
zip4,5272,5272,5272,41.501629,-90.794303
zip4,5273,5273,5273,41.287741,-91.380108
zip4,5274,5274,5274,41.838837,-90.495427
zip4,5275,5275,5275,41.348108,-91.247576
zip4,5276,5276,5276,41.501923,-91.022604
zip4,5277,5277,5277,41.691611,-91.090422
zip4,5280,5280,5280,41.562877,-90.614693
zip4,5300,5300,5300,43.604822,-88.068958
zip4,5301,5301,5301,43.623816,-88.248981
zip4,5302,5302,5302,43.252099,-88.363827
zip4,5303,5303,5303,43.396493,-88.633055
zip4,5304,5304,5304,43.527018,-88.193543
zip4,5305,5305,5305,43.290000,-88.514222
zip4,5306,5306,5306,43.118342,-88.505891
zip4,5307,5307,5307,43.271027,-88.209113
zip4,5308,5308,5308,43.763710,-87.820326
zip4,5309,5309,5309,43.193927,-88.722207
zip4,5310,5310,5310,42.656726,-88.285732
zip4,5311,5311,5311,42.659941,-88.693451
zip4,5312,5312,5312,42.736447,-88.533538
zip4,5313,5313,5313,42.897101,-88.009925
zip4,5314,5314,5314,42.875371,-88.338153
zip4,5315,5315,5315,42.530822,-87.882101
zip4,5316,5316,5316,42.578924,-88.145041
zip4,5317,5317,5317,43.015666,-88.590293
zip4,5318,5318,5318,42.979174,-88.291556
zip4,5319,5319,5319,42.811121,-88.707179
zip4,5320,5320,5320,43.059047,-87.953674
zip4,5321,5321,5321,43.113951,-87.907913
zip4,5322,5322,5322,42.966874,-87.993837
zip4,5323,5323,5323,42.969710,-87.872120
zip4,5329,5329,5329,43.022442,-87.976231
zip4,5340,5340,5340,42.751001,-87.840465
zip4,5350,5350,5350,42.690100,-89.860177
zip4,5351,5351,5351,42.553843,-89.085521
zip4,5352,5352,5352,42.841943,-89.384206
zip4,5353,5353,5353,42.704611,-90.130152
zip4,5354,5354,5354,42.693704,-89.050888
zip4,5355,5355,5355,43.315040,-89.540163
zip4,5356,5356,5356,42.826304,-90.153159
zip4,5357,5357,5357,42.939450,-89.390370
zip4,5358,5358,5358,43.376374,-90.440087
zip4,5359,5359,5359,42.994684,-89.565666
zip4,5370,5370,5370,43.123645,-89.334922
zip4,5371,5371,5371,43.080576,-89.286533
zip4,5372,5372,5372,43.070701,-89.421758
zip4,5379,5379,5379,43.076985,-89.430446
zip4,5380,5380,5380,42.599014,-90.484326
zip4,5381,5381,5381,42.840717,-90.659478
zip4,5382,5382,5382,43.065897,-90.971533
zip4,5390,5390,5390,43.526918,-89.510658
zip4,5391,5391,5391,43.493040,-89.742229
zip4,5392,5392,5392,43.334619,-89.053928
zip4,5393,5393,5393,43.377282,-90.150301
zip4,5394,5394,5394,43.774593,-89.296865
zip4,5395,5395,5395,43.541299,-89.968070
zip4,5396,5396,5396,43.647510,-88.742472
zip4,5400,5400,5400,45.270616,-92.278330
zip4,5401,5401,5401,45.045450,-92.577775
zip4,5402,5402,5402,44.847351,-92.594049
zip4,5408,5408,5408,45.089649,-92.753764
zip4,5410,5410,5410,45.523679,-88.040150
zip4,5411,5411,5411,45.253144,-88.108001
zip4,5412,5412,5412,45.755780,-88.422303
zip4,5413,5413,5413,45.318902,-88.431113
zip4,5414,5414,5414,45.201688,-88.462771
zip4,5415,5415,5415,45.687746,-87.927347
zip4,5416,5416,5416,45.115839,-88.118165
zip4,5417,5417,5417,45.029559,-88.410614
zip4,5418,5418,5418,44.332005,-88.178345
zip4,5420,5420,5420,44.367616,-87.794228
zip4,5421,5421,5421,44.525595,-87.702813
zip4,5422,5422,5422,44.099035,-87.729526
zip4,5423,5423,5423,44.156903,-87.940477
zip4,5424,5424,5424,44.022646,-87.909448
zip4,5430,5430,5430,44.506048,-88.013841
zip4,5431,5431,5431,44.573645,-88.100245
zip4,5440,5440,5440,45.024002,-89.466633
zip4,5441,5441,5441,45.069017,-89.972492
zip4,5442,5442,5442,44.930231,-90.206989
zip4,5443,5443,5443,45.369709,-89.446896
zip4,5444,5444,5444,44.617025,-90.194038
zip4,5445,5445,5445,45.163296,-89.734655
zip4,5446,5446,5446,44.407332,-90.352751
zip4,5447,5447,5447,44.920123,-89.496660
zip4,5448,5448,5448,45.509975,-89.700776
zip4,5449,5449,5449,44.371327,-89.859623
zip4,5450,5450,5450,45.685698,-89.343795
zip4,5451,5451,5451,45.739278,-88.858376
zip4,5452,5452,5452,45.911652,-89.226870
zip4,5453,5453,5453,45.767420,-89.672406
zip4,5454,5454,5454,45.940089,-88.757856
zip4,5455,5455,5455,45.780205,-90.236128
zip4,5456,5456,5456,45.416685,-88.621595
zip4,5460,5460,5460,43.816696,-91.144628
zip4,5461,5461,5461,44.279894,-91.417793
zip4,5462,5462,5462,44.192491,-91.727652
zip4,5463,5463,5463,43.282130,-90.813650
zip4,5464,5464,5464,43.826899,-90.658222
zip4,5465,5465,5465,43.406312,-90.805544
zip4,5466,5466,5466,44.096873,-90.431402
zip4,5467,5467,5467,43.835668,-90.488347
zip4,5470,5470,5470,44.789518,-91.540359
zip4,5472,5472,5472,44.908028,-91.288610
zip4,5473,5473,5473,44.633920,-91.887131
zip4,5474,5474,5474,45.268667,-91.165684
zip4,5475,5475,5475,45.241974,-91.490484
zip4,5476,5476,5476,44.842090,-92.278603
zip4,5477,5477,5477,44.921696,-90.786411
zip4,5480,5480,5480,46.572568,-90.900602
zip4,5481,5481,5481,46.841823,-90.922497
zip4,5482,5482,5482,46.221998,-91.175886
zip4,5483,5483,5483,46.244923,-91.911722
zip4,5484,5484,5484,46.022205,-91.248456
zip4,5485,5485,5485,46.135671,-91.821398
zip4,5486,5486,5486,45.525992,-91.715727
zip4,5487,5487,5487,45.850618,-91.515954
zip4,5488,5488,5488,45.407018,-92.194704
zip4,5489,5489,5489,45.869601,-92.346073
zip4,5490,5490,5490,44.279972,-89.350221
zip4,5491,5491,5491,44.322931,-88.418288
zip4,5492,5492,5492,44.622097,-88.745045
zip4,5493,5493,5493,43.766064,-88.431772
zip4,5494,5494,5494,44.120328,-89.581581
zip4,5495,5495,5495,44.184430,-88.506395
zip4,5496,5496,5496,43.903204,-89.202466
zip4,5497,5497,5497,43.849069,-88.799430
zip4,5498,5498,5498,44.188074,-89.220102
zip4,5500,5500,5500,45.565519,-93.275176
zip4,5501,5501,5501,45.345345,-93.244259
zip4,5502,5502,5502,44.394283,-92.613239
zip4,5503,5503,5503,45.999048,-92.753582
zip4,5504,5504,5504,44.415310,-92.265542
zip4,5505,5505,5505,45.496578,-92.986346
zip4,5506,5506,5506,44.507993,-92.529019
zip4,5507,5507,5507,46.165556,-92.448853
zip4,5508,5508,5508,45.669288,-93.232904
zip4,5509,5509,5509,45.339737,-93.062854
zip4,5510,5510,5510,44.962024,-93.147236
zip4,5511,5511,5511,44.898913,-93.135282
zip4,5512,5512,5512,44.917640,-92.922134
zip4,5513,5513,5513,44.978132,-93.081482
zip4,5515,5515,5515,44.886484,-93.162154
zip4,5530,5530,5530,45.272011,-93.327140
zip4,5531,5531,5531,45.172943,-93.858987
zip4,5532,5532,5532,45.094232,-94.278481
zip4,5533,5533,5533,44.524885,-94.697598
zip4,5534,5534,5534,44.751696,-94.733016
zip4,5535,5535,5535,44.645577,-93.609233
zip4,5536,5536,5536,45.320274,-93.886908
zip4,5537,5537,5537,45.581523,-93.597639
zip4,5538,5538,5538,44.760758,-94.484873
zip4,5539,5539,5539,45.461326,-93.570757
zip4,5540,5540,5540,44.957683,-93.264804
zip4,5541,5541,5541,45.013085,-93.264174
zip4,5542,5542,5542,44.845584,-93.252493
zip4,5543,5543,5543,44.831041,-93.346722
zip4,5544,5544,5544,45.032667,-93.461415
zip4,5545,5545,5545,44.879012,-93.225923
zip4,5560,5560,5560,47.967811,-90.207427
zip4,5561,5561,5561,47.462944,-91.598147
zip4,5570,5570,5570,47.727588,-92.765227
zip4,5571,5571,5571,46.265675,-92.596578
zip4,5572,5572,5572,47.847504,-92.853125
zip4,5573,5573,5573,47.945135,-91.667248
zip4,5574,5574,5574,47.163935,-93.475020
zip4,5575,5575,5575,46.947165,-93.257324
zip4,5576,5576,5576,47.337413,-92.228548
zip4,5577,5577,5577,48.158426,-92.898261
zip4,5578,5578,5578,47.662608,-93.060410
zip4,5579,5579,5579,46.313826,-92.814850
zip4,5580,5580,5580,47.015480,-92.105546
zip4,5581,5581,5581,46.808338,-92.220926
zip4,5590,5590,5590,44.068667,-92.447850
zip4,5591,5591,5591,43.755609,-92.959439
zip4,5592,5592,5592,44.044607,-92.955175
zip4,5593,5593,5593,43.746264,-92.133876
zip4,5594,5594,5594,43.785778,-91.472941
zip4,5595,5595,5595,43.550319,-92.503611
zip4,5596,5596,5596,44.175274,-92.602344
zip4,5597,5597,5597,43.732781,-92.386808
zip4,5598,5598,5598,43.990067,-91.611809
zip4,5599,5599,5599,44.300296,-92.673552
zip4,5600,5600,5600,43.654676,-93.448896
zip4,5601,5601,5601,43.608956,-94.105377
zip4,5602,5602,5602,43.515131,-94.137923
zip4,5603,5603,5603,43.634946,-94.436819
zip4,5604,5604,5604,44.074088,-93.750979
zip4,5605,5605,5605,44.404381,-93.796612
zip4,5606,5606,5606,43.894134,-93.869350
zip4,5607,5607,5607,43.888088,-93.503390
zip4,5608,5608,5608,44.348169,-94.008420
zip4,5609,5609,5609,43.960808,-94.228865
zip4,5610,5610,5610,43.886143,-95.176353
zip4,5611,5611,5611,44.210545,-95.918487
zip4,5612,5612,5612,43.903206,-96.068463
zip4,5613,5613,5613,43.848280,-95.480006
zip4,5614,5614,5614,44.360786,-96.327739
zip4,5615,5615,5615,43.652486,-96.178322
zip4,5616,5616,5616,44.073853,-96.347540
zip4,5617,5617,5617,43.713864,-94.768467
zip4,5618,5618,5618,43.642808,-95.655772
zip4,5620,5620,5620,45.106302,-95.053269
zip4,5621,5621,5621,45.588030,-96.765003
zip4,5622,5622,5622,45.441748,-96.410835
zip4,5623,5623,5623,45.691060,-96.018649
zip4,5624,5624,5624,45.781200,-96.130232
zip4,5625,5625,5625,45.030881,-96.262697
zip4,5626,5626,5626,45.005188,-95.625127
zip4,5627,5627,5627,45.911350,-96.247602
zip4,5628,5628,5628,44.753359,-95.279972
zip4,5629,5629,5629,45.842980,-96.446875
zip4,5630,5630,5630,45.883059,-95.402592
zip4,5631,5631,5631,45.483027,-95.035110
zip4,5632,5632,5632,46.165797,-95.896279
zip4,5633,5633,5633,45.598822,-95.317281
zip4,5634,5634,5634,46.034996,-94.351282
zip4,5635,5635,5635,45.957876,-93.623754
zip4,5636,5636,5636,45.406440,-94.623029
zip4,5637,5637,5637,45.850690,-94.219415
zip4,5638,5638,5638,45.543648,-95.573346
zip4,5640,5640,5640,46.328026,-94.031784
zip4,5642,5642,5642,46.315095,-94.300089
zip4,5643,5643,5643,46.478440,-93.590350
zip4,5644,5644,5644,46.157663,-95.041999
zip4,5645,5645,5645,46.945366,-94.443050
zip4,5646,5646,5646,46.780756,-93.562218
zip4,5647,5647,5647,47.032592,-95.098600
zip4,5648,5648,5648,47.113847,-94.475834
zip4,5650,5650,5650,46.818736,-95.837442
zip4,5651,5651,5651,46.651176,-96.409109
zip4,5652,5652,5652,46.992496,-95.902157
zip4,5653,5653,5653,47.047590,-96.556020
zip4,5654,5654,5654,46.851546,-96.437931
zip4,5655,5655,5655,47.327675,-95.884918
zip4,5656,5656,5656,47.060785,-95.775333
zip4,5657,5657,5657,46.547196,-96.146363
zip4,5658,5658,5658,47.159214,-95.762616
zip4,5659,5659,5659,47.521183,-96.002847
zip4,5660,5660,5660,47.498458,-94.799000
zip4,5662,5662,5662,48.404069,-94.318812
zip4,5663,5663,5663,47.389199,-93.883920
zip4,5664,5664,5664,48.530985,-93.114352
zip4,5665,5665,5665,48.012293,-94.570920
zip4,5666,5666,5666,47.846922,-94.254281
zip4,5667,5667,5667,47.087650,-93.996856
zip4,5668,5668,5668,48.809510,-94.909658
zip4,5670,5670,5670,48.136629,-96.274051
zip4,5671,5671,5671,49.110003,-94.957674
zip4,5672,5672,5672,48.287515,-95.463513
zip4,5673,5673,5673,48.347810,-96.192920
zip4,5674,5674,5674,47.920547,-95.914260
zip4,5675,5675,5675,48.496780,-96.763316
zip4,5676,5676,5676,48.177196,-96.679570
zip4,5700,5700,5700,43.061892,-96.736612
zip4,5701,5701,5701,43.608371,-97.288394
zip4,5702,5702,5702,44.095420,-96.609189
zip4,5703,5703,5703,43.096976,-97.261794
zip4,5704,5704,5704,43.137973,-97.515276
zip4,5705,5705,5705,44.145806,-97.139494
zip4,5706,5706,5706,42.923109,-97.812941
zip4,5707,5707,5707,43.177938,-97.193580
zip4,5710,5710,5710,43.556790,-96.791018
zip4,5711,5711,5711,43.546678,-96.635958
zip4,5719,5719,5719,43.524041,-96.738739
zip4,5720,5720,5720,44.955194,-97.098119
zip4,5721,5721,5721,45.086629,-97.677670
zip4,5722,5722,5722,44.776965,-96.864687
zip4,5723,5723,5723,44.375872,-97.593112
zip4,5724,5724,5724,44.625065,-97.185399
zip4,5725,5725,5725,45.500615,-97.050195
zip4,5726,5726,5726,45.702844,-97.033576
zip4,5727,5727,5727,45.260412,-97.465305
zip4,5730,5730,5730,43.724192,-98.055625
zip4,5731,5731,5731,44.024932,-98.011220
zip4,5732,5732,5732,43.871288,-97.539988
zip4,5733,5733,5733,43.535253,-98.015018
zip4,5734,5734,5734,44.625613,-98.393942
zip4,5735,5735,5735,43.914231,-98.191921
zip4,5736,5736,5736,43.385394,-97.963976
zip4,5737,5737,5737,43.578323,-98.479498
zip4,5738,5738,5738,44.061122,-98.528744
zip4,5740,5740,5740,45.474338,-98.546394
zip4,5742,5742,5742,45.026427,-98.543727
zip4,5743,5743,5743,45.100480,-99.135059
zip4,5744,5744,5744,45.842968,-98.351834
zip4,5745,5745,5745,45.610196,-97.764347
zip4,5746,5746,5746,45.178719,-98.593605
zip4,5747,5747,5747,45.292073,-98.333892
zip4,5748,5748,5748,45.669196,-98.639151
zip4,5750,5750,5750,44.580344,-100.477835
zip4,5752,5752,5752,43.762484,-101.180275
zip4,5753,5753,5753,44.249997,-100.365870
zip4,5754,5754,5754,43.692073,-101.500573
zip4,5755,5755,5755,44.185043,-101.104173
zip4,5756,5756,5756,44.729177,-100.077824
zip4,5757,5757,5757,43.146392,-101.200869
zip4,5758,5758,5758,43.364220,-99.988750
zip4,5760,5760,5760,45.421360,-100.517888
zip4,5762,5762,5762,45.098129,-101.854412
zip4,5763,5763,5763,45.873682,-102.150681
zip4,5764,5764,5764,45.881469,-100.616112
zip4,5765,5765,5765,45.482903,-100.878899
zip4,5766,5766,5766,45.278290,-100.932617
zip4,5770,5770,5770,44.045053,-103.276508
zip4,5771,5771,5771,44.979842,-103.959398
zip4,5772,5772,5772,45.575500,-103.850903
zip4,5773,5773,5773,43.448770,-103.895295
zip4,5774,5774,5774,43.996569,-103.802900
zip4,5775,5775,5775,43.491597,-102.117486
zip4,5776,5776,5776,44.942296,-103.288358
zip4,5777,5777,5777,45.241973,-103.498711
zip4,5778,5778,5778,44.527084,-103.013249
zip4,5779,5779,5779,44.211332,-102.296797
zip4,5800,5800,5800,47.055664,-97.096702
zip4,5801,5801,5801,47.358109,-97.445483
zip4,5802,5802,5802,46.608361,-97.658429
zip4,5803,5803,5803,46.764491,-97.642913
zip4,5804,5804,5804,47.394059,-97.036161
zip4,5805,5805,5805,46.636685,-97.152664
zip4,5806,5806,5806,46.206219,-97.422105
zip4,5807,5807,5807,46.951122,-98.005743
zip4,5808,5808,5808,46.333182,-97.176051
zip4,5810,5810,5810,46.863448,-96.825805
zip4,5820,5820,5820,47.933028,-97.137615
zip4,5821,5821,5821,47.602379,-97.058347
zip4,5822,5822,5822,47.517690,-97.027433
zip4,5823,5823,5823,48.419634,-97.395507
zip4,5824,5824,5824,48.797368,-98.321895
zip4,5825,5825,5825,47.947813,-97.667162
zip4,5826,5826,5826,47.744702,-97.560672
zip4,5827,5827,5827,47.741070,-97.125904
zip4,5828,5828,5828,48.877493,-97.938670
zip4,5830,5830,5830,48.124009,-98.889628
zip4,5831,5831,5831,48.826676,-100.412946
zip4,5832,5832,5832,48.841190,-98.957119
zip4,5833,5833,5833,48.442243,-98.524910
zip4,5834,5834,5834,48.289226,-98.346572
zip4,5835,5835,5835,47.666432,-99.068915
zip4,5836,5836,5836,48.465384,-99.928486
zip4,5837,5837,5837,47.899099,-98.995530
zip4,5838,5838,5838,48.617854,-100.320094
zip4,5840,5840,5840,46.893879,-98.713651
zip4,5841,5841,5841,46.027090,-99.345828
zip4,5842,5842,5842,47.507881,-99.154581
zip4,5843,5843,5843,46.213720,-98.653984
zip4,5844,5844,5844,47.308745,-98.188691
zip4,5845,5845,5845,46.362624,-98.272832
zip4,5846,5846,5846,46.866964,-99.372312
zip4,5847,5847,5847,47.161659,-99.619207
zip4,5848,5848,5848,46.928519,-98.380135
zip4,5849,5849,5849,47.149269,-100.273003
zip4,5850,5850,5850,46.861641,-100.726411
zip4,5852,5852,5852,47.029429,-100.633483
zip4,5853,5853,5853,47.126322,-101.163448
zip4,5854,5854,5854,46.479810,-100.347283
zip4,5855,5855,5855,46.704070,-101.004727
zip4,5856,5856,5856,46.135644,-101.084157
zip4,5857,5857,5857,47.397192,-101.157930
zip4,5858,5858,5858,47.259849,-101.943296
zip4,5860,5860,5860,46.903636,-102.851908
zip4,5862,5862,5862,46.638943,-103.297281
zip4,5863,5863,5863,47.418017,-103.364734
zip4,5864,5864,5864,47.431421,-102.907327
zip4,5865,5865,5865,46.595363,-103.804299
zip4,5870,5870,5870,48.234707,-101.316883
zip4,5871,5871,5871,48.333782,-101.884340
zip4,5872,5872,5872,47.786491,-100.628207
zip4,5873,5873,5873,48.510200,-102.043051
zip4,5874,5874,5874,48.451401,-101.266664
zip4,5875,5875,5875,47.671958,-102.523793
zip4,5876,5876,5876,48.734295,-101.409717
zip4,5877,5877,5877,47.950738,-102.106759
zip4,5878,5878,5878,48.407674,-100.548461
zip4,5879,5879,5879,48.004553,-100.855760
zip4,5880,5880,5880,48.221768,-103.769331
zip4,5883,5883,5883,47.835498,-103.652035
zip4,5884,5884,5884,48.291653,-103.324361
zip4,5885,5885,5885,47.836733,-103.112481
zip4,5900,5900,5900,45.476734,-106.125572
zip4,5901,5901,5901,45.193729,-108.561664
zip4,5902,5902,5902,45.106696,-106.708469
zip4,5903,5903,5903,45.130674,-110.575871
zip4,5904,5904,5904,45.567431,-108.833886
zip4,5905,5905,5905,45.242009,-107.386049
zip4,5906,5906,5906,45.657429,-109.635640
zip4,5907,5907,5907,46.416050,-108.506214
zip4,5908,5908,5908,47.174257,-108.265246
zip4,5910,5910,5910,45.686414,-108.357808
zip4,5920,5920,5920,48.104429,-105.670357
zip4,5921,5921,5921,47.421075,-105.745974
zip4,5922,5922,5922,48.360504,-104.513056
zip4,5923,5923,5923,48.184084,-106.683821
zip4,5924,5924,5924,48.497889,-104.542510
zip4,5925,5925,5925,48.831279,-106.501900
zip4,5926,5926,5926,48.728709,-105.483993
zip4,5927,5927,5927,48.852057,-104.151235
zip4,5930,5930,5930,46.361565,-105.694925
zip4,5931,5931,5931,45.378909,-105.483661
zip4,5932,5932,5932,45.732312,-104.512388
zip4,5933,5933,5933,47.115189,-104.815322
zip4,5934,5934,5934,46.397678,-106.297704
zip4,5935,5935,5935,45.783855,-105.731367
zip4,5940,5940,5940,47.480163,-111.258771
zip4,5941,5941,5941,47.559812,-112.762914
zip4,5942,5942,5942,48.703092,-112.550959
zip4,5943,5943,5943,47.613450,-112.130783
zip4,5944,5944,5944,47.614717,-110.177376
zip4,5945,5945,5945,48.284825,-111.476530
zip4,5946,5946,5946,47.069986,-110.828407
zip4,5947,5947,5947,47.392097,-108.773187
zip4,5948,5948,5948,47.630121,-109.237291
zip4,5950,5950,5950,48.577000,-109.733078
zip4,5952,5952,5952,48.303786,-108.779084
zip4,5953,5953,5953,48.226112,-107.767160
zip4,5954,5954,5954,48.805912,-107.580603
zip4,5960,5960,5960,46.687787,-111.978889
zip4,5962,5962,5962,46.600836,-112.038563
zip4,5963,5963,5963,46.286300,-112.174786
zip4,5964,5964,5964,46.517654,-111.180719
zip4,5970,5970,5970,45.981063,-112.439575
zip4,5971,5971,5971,46.105693,-113.062433
zip4,5972,5972,5972,44.894079,-112.940625
zip4,5973,5973,5973,44.676058,-111.987339
zip4,5974,5974,5974,45.638463,-111.586562
zip4,5975,5975,5975,45.654528,-112.272394
zip4,5976,5976,5976,45.594869,-113.405746
zip4,5980,5980,5980,46.947665,-114.110916
zip4,5981,5981,5981,46.861555,-113.983136
zip4,5982,5982,5982,47.028059,-113.618264
zip4,5983,5983,5983,46.649555,-114.072633
zip4,5984,5984,5984,46.160834,-114.153475
zip4,5985,5985,5985,46.304689,-113.407690
zip4,5986,5986,5986,47.571016,-114.132052
zip4,5987,5987,5987,47.736871,-115.395284
zip4,5990,5990,5990,48.209913,-114.303557
zip4,5991,5991,5991,47.888503,-113.939975
zip4,5992,5992,5992,48.438436,-115.021423
zip4,5993,5993,5993,48.172580,-113.468261
zip4,6000,6000,6000,42.456712,-88.086865
zip4,6001,6001,6001,42.179451,-88.177037
zip4,6002,6002,6002,42.079844,-87.823727
zip4,6003,6003,6003,42.402539,-88.603065
zip4,6004,6004,6004,42.211720,-88.040434
zip4,6005,6005,6005,42.333282,-88.265335
zip4,6006,6006,6006,42.242528,-87.996676
zip4,6007,6007,6007,42.438251,-88.314055
zip4,6008,6008,6008,42.398857,-87.849516
zip4,6009,6009,6009,42.340711,-88.466465
zip4,6010,6010,6010,41.949213,-88.068252
zip4,6011,6011,6011,41.919860,-88.749345
zip4,6012,6012,6012,42.033746,-88.312276
zip4,6013,6013,6013,42.118000,-88.680996
zip4,6014,6014,6014,42.101163,-88.836179
zip4,6015,6015,6015,41.919860,-88.570966
zip4,6016,6016,6016,41.898758,-87.875021
zip4,6017,6017,6017,42.007903,-88.681874
zip4,6018,6018,6018,41.896537,-88.211256
zip4,6019,6019,6019,42.019459,-88.095922
zip4,6020,6020,6020,42.053973,-87.697956
zip4,6030,6030,6030,41.894374,-87.803263
zip4,6040,6040,6040,41.347605,-87.623664
zip4,6041,6041,6041,41.301576,-88.279138
zip4,6042,6042,6042,41.123429,-88.375811
zip4,6043,6043,6043,41.514209,-88.104652
zip4,6044,6044,6044,41.406860,-87.849759
zip4,6045,6045,6045,41.361923,-88.422903
zip4,6046,6046,6046,40.997385,-88.533541
zip4,6047,6047,6047,41.566229,-87.766432
zip4,6048,6048,6048,41.295754,-88.102350
zip4,6049,6049,6049,41.609109,-87.962666
zip4,6050,6050,6050,41.759659,-88.306970
zip4,6051,6051,6051,41.603401,-88.949229
zip4,6052,6052,6052,41.780196,-88.658660
zip4,6053,6053,6053,41.608957,-88.771447
zip4,6054,6054,6054,41.584059,-88.600775
zip4,6055,6055,6055,41.723472,-88.751620
zip4,6056,6056,6056,41.614326,-88.459408
zip4,6058,6058,6058,41.567552,-88.234276
zip4,6060,6060,6060,41.842872,-87.673679
zip4,6061,6061,6061,41.711910,-87.557067
zip4,6062,6062,6062,41.782091,-87.713042
zip4,6063,6063,6063,41.793446,-87.757458
zip4,6064,6064,6064,41.760143,-87.566090
zip4,6065,6065,6065,41.902448,-87.739070
zip4,6066,6066,6066,41.990900,-87.665522
zip4,6070,6070,6070,41.966058,-87.818184
zip4,6071,6071,6071,42.008257,-87.733539
zip4,6080,6080,6080,41.674625,-87.734738
zip4,6082,6082,6082,41.652004,-87.624427
zip4,6090,6090,6090,41.127685,-87.868482
zip4,6091,6091,6091,41.181966,-87.839509
zip4,6092,6092,6092,40.947393,-87.971496
zip4,6093,6093,6093,40.806595,-88.006484
zip4,6094,6094,6094,40.458855,-87.662606
zip4,6095,6095,6095,40.692716,-87.860440
zip4,6096,6096,6096,40.403264,-87.863146
zip4,6097,6097,6097,40.790075,-87.777361
zip4,6100,6100,6100,41.867083,-89.198581
zip4,6101,6101,6101,41.974652,-89.909763
zip4,6102,6102,6102,41.826553,-89.489702
zip4,6103,6103,6103,42.408498,-90.389339
zip4,6104,6104,6104,42.108670,-89.807498
zip4,6105,6105,6105,42.130865,-89.990469
zip4,6106,6106,6106,41.966238,-89.055533
zip4,6107,6107,6107,42.440451,-89.086843
zip4,6108,6108,6108,41.829475,-89.728571
zip4,6109,6109,6109,41.908034,-89.550887
zip4,6110,6110,6110,42.272201,-89.074016
zip4,6111,6111,6111,42.339754,-89.019330
zip4,6120,6120,6120,41.472882,-90.570629
zip4,6123,6123,6123,41.219734,-90.715138
zip4,6124,6124,6124,41.624494,-89.675181
zip4,6125,6125,6125,41.386316,-90.946631
zip4,6126,6126,6126,41.273581,-90.373573
zip4,6127,6127,6127,41.361840,-90.366272
zip4,6128,6128,6128,41.392481,-90.748252
zip4,6130,6130,6130,41.386465,-89.090887
zip4,6131,6131,6131,41.707614,-89.309606
zip4,6132,6132,6132,41.233492,-88.813164
zip4,6133,6133,6133,41.126227,-89.181496
zip4,6134,6134,6134,41.554880,-89.097240
zip4,6135,6135,6135,41.378829,-89.420401
zip4,6136,6136,6136,41.101440,-88.900605
zip4,6137,6137,6137,41.034575,-89.032282
zip4,6140,6140,6140,40.940149,-90.399213
zip4,6141,6141,6141,40.793723,-90.445248
zip4,6142,6142,6142,41.176758,-89.652291
zip4,6143,6143,6143,40.626362,-90.242953
zip4,6144,6144,6144,41.254080,-89.955399
zip4,6145,6145,6145,40.435418,-90.641442
zip4,6146,6146,6146,40.904100,-90.638712
zip4,6147,6147,6147,40.675894,-90.674329
zip4,6148,6148,6148,41.041735,-90.082568
zip4,6149,6149,6149,41.061335,-89.732776
zip4,6150,6150,6150,40.237761,-90.329793
zip4,6151,6151,6151,40.815236,-89.833754
zip4,6152,6152,6152,40.553107,-90.018223
zip4,6153,6153,6153,41.123096,-89.455773
zip4,6154,6154,6154,40.830918,-89.397302
zip4,6155,6155,6155,40.542825,-89.632108
zip4,6156,6156,6156,41.035548,-89.510686
zip4,6157,6157,6157,40.926211,-89.340295
zip4,6160,6160,6160,40.633409,-89.669677
zip4,6161,6161,6161,40.727909,-89.551815
zip4,6162,6162,6162,40.697973,-89.613611
zip4,6170,6170,6170,40.466395,-88.987996
zip4,6172,6172,6172,40.155655,-88.974753
zip4,6173,6173,6173,40.441297,-88.766495
zip4,6174,6174,6174,40.311388,-88.969049
zip4,6175,6175,6175,40.031335,-88.980863
zip4,6176,6176,6176,40.885051,-88.546603
zip4,6177,6177,6177,40.226256,-89.030004
zip4,6180,6180,6180,40.117775,-88.160558
zip4,6181,6181,6181,39.888530,-88.621833
zip4,6182,6182,6182,40.144053,-88.310031
zip4,6183,6183,6183,40.145280,-87.614402
zip4,6184,6184,6184,40.252902,-88.667994
zip4,6185,6185,6185,40.133153,-87.754173
zip4,6186,6186,6186,40.311994,-88.146205
zip4,6187,6187,6187,39.900325,-87.612686
zip4,6188,6188,6188,39.961292,-88.239305
zip4,6191,6191,6191,39.717322,-87.878820
zip4,6192,6192,6192,39.794410,-87.649042
zip4,6193,6193,6193,39.736156,-88.649312
zip4,6194,6194,6194,39.610687,-87.703449
zip4,6195,6195,6195,39.811610,-88.290467
zip4,6200,6200,6200,38.888460,-89.738240
zip4,6201,6201,6201,39.043392,-90.053970
zip4,6202,6202,6202,38.842473,-89.924801
zip4,6203,6203,6203,38.967349,-90.234382
zip4,6204,6204,6204,39.361450,-90.223213
zip4,6205,6205,6205,39.130490,-90.305723
zip4,6206,6206,6206,39.196424,-90.128163
zip4,6207,6207,6207,39.297909,-89.316415
zip4,6208,6208,6208,39.492576,-90.326796
zip4,6209,6209,6209,39.416393,-90.404269
zip4,6220,6220,6220,38.601564,-90.077004
zip4,6221,6221,6221,38.518457,-89.483932
zip4,6222,6222,6222,38.512188,-89.961905
zip4,6223,6223,6223,38.611739,-89.288923
zip4,6224,6224,6224,38.764986,-89.675936
zip4,6225,6225,6225,38.438074,-89.760785
zip4,6226,6226,6226,38.320256,-89.422971
zip4,6227,6227,6227,38.166488,-90.003526
zip4,6228,6228,6228,38.065907,-89.703409
zip4,6229,6229,6229,38.249085,-90.293276
zip4,6230,6230,6230,39.916200,-91.314936
zip4,6231,6231,6231,39.731139,-90.982857
zip4,6232,6232,6232,40.390390,-91.106505
zip4,6233,6233,6233,39.995903,-91.230367
zip4,6234,6234,6234,39.860022,-91.093919
zip4,6235,6235,6235,39.979309,-90.706617
zip4,6236,6236,6236,39.529703,-90.747460
zip4,6237,6237,6237,39.904949,-90.636502
zip4,6238,6238,6238,40.235410,-91.193368
zip4,6240,6240,6240,39.115107,-88.605965
zip4,6241,6241,6241,39.088722,-88.739350
zip4,6242,6242,6242,39.293718,-88.046661
zip4,6243,6243,6243,38.742245,-87.627361
zip4,6244,6244,6244,39.031711,-88.145749
zip4,6245,6245,6245,38.988190,-87.711945
zip4,6246,6246,6246,39.227831,-88.455926
zip4,6247,6247,6247,38.538905,-88.006962
zip4,6248,6248,6248,39.037352,-87.992162
zip4,6250,6250,6250,39.923266,-88.781617
zip4,6251,6251,6251,39.536334,-89.028626
zip4,6252,6252,6252,39.860217,-88.988647
zip4,6253,6253,6253,39.657346,-89.384987
zip4,6254,6254,6254,39.979644,-89.246447
zip4,6255,6255,6255,39.615294,-88.981669
zip4,6256,6256,6256,39.575226,-89.290067
zip4,6257,6257,6257,39.358504,-89.691581
zip4,6260,6260,6260,39.734524,-90.038923
zip4,6261,6261,6261,40.013250,-90.365864
zip4,6262,6262,6262,39.289956,-89.882597
zip4,6263,6263,6263,40.285538,-89.457582
zip4,6264,6264,6264,40.287892,-90.086233
zip4,6265,6265,6265,40.136895,-89.376545
zip4,6266,6266,6266,39.579158,-90.244765
zip4,6267,6267,6267,39.434323,-90.024372
zip4,6268,6268,6268,40.130902,-90.557418
zip4,6269,6269,6269,39.624497,-90.453834
zip4,6270,6270,6270,39.820489,-89.638614
zip4,6271,6271,6271,39.746937,-89.591888
zip4,6280,6280,6280,38.498660,-89.228212
zip4,6281,6281,6281,38.005212,-88.918181
zip4,6282,6282,6282,38.111095,-88.109181
zip4,6283,6283,6283,38.359727,-88.352899
zip4,6284,6284,6284,38.476937,-88.347669
zip4,6285,6285,6285,38.067334,-88.536326
zip4,6286,6286,6286,37.929692,-88.218720
zip4,6287,6287,6287,37.879708,-88.257884
zip4,6288,6288,6288,38.136522,-89.180135
zip4,6289,6289,6289,37.895964,-88.846212
zip4,6290,6290,6290,37.864666,-89.520191
zip4,6291,6291,6291,37.163381,-88.536704
zip4,6292,6292,6292,37.378943,-89.126164
zip4,6293,6293,6293,37.575380,-88.265176
zip4,6294,6294,6294,37.248919,-88.990408
zip4,6295,6295,6295,37.724643,-88.880775
zip4,6296,6296,6296,37.232282,-88.733712
zip4,6297,6297,6297,37.538936,-88.803316
zip4,6298,6298,6298,37.724239,-88.161979
zip4,6299,6299,6299,37.429127,-88.870238
zip4,6300,6300,6300,38.659283,-90.637645
zip4,6301,6301,6301,38.382277,-90.697576
zip4,6302,6302,6302,38.175253,-90.433457
zip4,6303,6303,6303,38.830061,-90.291772
zip4,6304,6304,6304,38.762977,-90.419033
zip4,6305,6305,6305,38.311538,-90.550009
zip4,6306,6306,6306,38.555989,-91.259987
zip4,6307,6307,6307,38.347255,-90.924925
zip4,6308,6308,6308,38.199895,-91.065996
zip4,6309,6309,6309,38.525289,-91.021033
zip4,6310,6310,6310,38.637363,-90.214678
zip4,6311,6311,6311,38.703088,-90.366312
zip4,6312,6312,6312,38.523745,-90.348653
zip4,6313,6313,6313,38.771203,-90.231066
zip4,6314,6314,6314,38.685146,-90.457471
zip4,6315,6315,6315,38.627828,-90.205445
zip4,6330,6330,6330,38.792513,-90.517804
zip4,6333,6333,6333,39.300816,-91.231298
zip4,6334,6334,6334,39.157390,-90.809670
zip4,6335,6335,6335,39.156722,-91.331479
zip4,6336,6336,6336,38.935769,-91.544937
zip4,6337,6337,6337,39.041134,-91.050077
zip4,6338,6338,6338,38.871065,-91.172559
zip4,6339,6339,6339,38.796540,-91.029433
zip4,6340,6340,6340,39.689291,-91.421752
zip4,6343,6343,6343,39.501639,-91.553183
zip4,6344,6344,6344,40.417140,-91.732760
zip4,6345,6345,6345,39.585068,-91.351570
zip4,6346,6346,6346,39.797983,-91.569828
zip4,6347,6347,6347,39.934817,-91.502970
zip4,6350,6350,6350,40.186422,-92.580351
zip4,6353,6353,6353,40.302477,-92.243583
zip4,6354,6354,6354,40.335693,-92.510232
zip4,6355,6355,6355,40.197683,-93.161339
zip4,6356,6356,6356,40.445641,-92.959023
zip4,6360,6360,6360,37.801904,-90.527379
zip4,6362,6362,6362,37.438054,-90.612767
zip4,6363,6363,6363,37.289039,-91.030974
zip4,6364,6364,6364,37.620535,-90.340674
zip4,6365,6365,6365,37.382851,-90.235984
zip4,6366,6366,6366,37.927328,-90.885328
zip4,6367,6367,6367,37.874372,-90.100971
zip4,6370,6370,6370,37.346048,-89.524881
zip4,6373,6373,6373,37.079779,-89.523326
zip4,6374,6374,6374,37.172465,-89.683667
zip4,6375,6375,6375,37.277731,-90.118043
zip4,6376,6376,6376,37.380175,-89.959729
zip4,6377,6377,6377,37.725109,-89.869645
zip4,6378,6378,6378,37.114376,-90.123683
zip4,6380,6380,6380,36.898210,-89.621826
zip4,6382,6382,6382,36.656885,-89.994355
zip4,6383,6383,6383,36.138070,-89.686277
zip4,6384,6384,6384,36.809962,-89.878084
zip4,6385,6385,6385,36.213594,-90.049118
zip4,6386,6386,6386,36.644490,-89.563715
zip4,6387,6387,6387,36.450987,-89.672232
zip4,6388,6388,6388,36.911492,-89.221574
zip4,6390,6390,6390,36.746727,-90.483219
zip4,6393,6393,6393,36.664533,-90.905293
zip4,6394,6394,6394,36.562754,-91.075297
zip4,6395,6395,6395,37.122812,-90.674430
zip4,6396,6396,6396,36.947750,-90.331453
zip4,6400,6400,6400,39.093243,-93.537649
zip4,6401,6401,6401,38.781089,-94.549697
zip4,6402,6402,6402,39.316426,-94.214639
zip4,6403,6403,6403,38.851209,-94.292906
zip4,6404,6404,6404,39.437325,-94.375304
zip4,6405,6405,6405,39.125587,-94.366391
zip4,6406,6406,6406,39.149234,-93.848782
zip4,6407,6407,6407,38.980443,-93.924653
zip4,6408,6408,6408,39.352704,-94.001195
zip4,6409,6409,6409,38.786256,-93.735559
zip4,6410,6410,6410,39.092692,-94.582938
zip4,6411,6411,6411,39.165442,-94.545207
zip4,6412,6412,6412,39.090968,-94.518070
zip4,6413,6413,6413,38.983973,-94.486019
zip4,6414,6414,6414,38.888618,-94.583516
zip4,6415,6415,6415,39.256738,-94.640816
zip4,6416,6416,6416,39.319852,-94.582788
zip4,6440,6440,6440,40.246450,-94.317016
zip4,6442,6442,6442,40.449290,-95.075327
zip4,6443,6443,6443,39.842779,-94.646518
zip4,6444,6444,6444,40.329932,-95.364530
zip4,6445,6445,6445,39.612783,-94.565831
zip4,6446,6446,6446,40.334931,-94.879996
zip4,6447,6447,6447,40.390515,-94.646954
zip4,6448,6448,6448,39.979696,-94.833577
zip4,6449,6449,6449,40.489403,-95.329366
zip4,6450,6450,6450,39.766188,-94.783229
zip4,6460,6460,6460,39.788567,-93.503734
zip4,6462,6462,6462,39.481759,-93.456459
zip4,6463,6463,6463,40.030372,-93.156260
zip4,6464,6464,6464,39.964377,-93.895439
zip4,6465,6465,6465,39.829225,-93.228371
zip4,6466,6466,6466,39.575704,-93.093865
zip4,6467,6467,6467,40.325990,-93.598672
zip4,6468,6468,6468,40.050521,-93.601050
zip4,6470,6470,6470,38.609920,-94.352710
zip4,6472,6472,6472,38.395320,-94.379498
zip4,6473,6473,6473,38.260013,-94.312640
zip4,6474,6474,6474,38.227994,-93.693259
zip4,6475,6475,6475,37.461774,-94.276036
zip4,6476,6476,6476,38.142803,-93.723763
zip4,6477,6477,6477,38.046354,-93.710089
zip4,6478,6478,6478,38.029366,-94.053477
zip4,6479,6479,6479,37.942382,-94.247711
zip4,6480,6480,6480,37.052494,-94.496993
zip4,6483,6483,6483,36.653971,-94.447469
zip4,6484,6484,6484,36.741273,-94.460749
zip4,6485,6485,6485,36.570580,-94.283299
zip4,6486,6486,6486,37.131396,-94.055131
zip4,6487,6487,6487,37.185013,-94.472386
zip4,6500,6500,6500,38.266370,-91.999803
zip4,6501,6501,6501,38.317292,-91.702694
zip4,6502,6502,6502,38.325896,-92.560882
zip4,6503,6503,6503,38.237961,-92.840815
zip4,6504,6504,6504,38.645942,-91.483725
zip4,6505,6505,6505,38.464967,-91.785013
zip4,6506,6506,6506,38.730384,-92.082487
zip4,6507,6507,6507,38.493938,-92.454102
zip4,6508,6508,6508,38.199121,-92.427231
zip4,6510,6510,6510,38.524992,-92.157245
zip4,6520,6520,6520,38.965860,-92.261320
zip4,6521,6521,6521,38.951314,-92.320349
zip4,6523,6523,6523,39.024568,-91.914059
zip4,6524,6524,6524,39.145991,-92.680064
zip4,6525,6525,6525,38.835678,-91.975746
zip4,6526,6526,6526,38.953593,-91.958941
zip4,6527,6527,6527,39.011039,-92.605825
zip4,6528,6528,6528,39.476924,-92.777279
zip4,6530,6530,6530,38.695643,-93.249733
zip4,6532,6532,6532,38.141609,-93.074989
zip4,6533,6533,6533,39.194198,-93.368051
zip4,6534,6534,6534,39.148454,-93.136430
zip4,6535,6535,6535,38.210177,-93.355792
zip4,6536,6536,6536,38.523067,-93.499210
zip4,6540,6540,6540,37.897603,-91.729677
zip4,6543,6543,6543,36.952121,-91.505952
zip4,6544,6544,6544,37.375586,-92.074165
zip4,6545,6545,6545,38.004879,-92.184113
zip4,6546,6546,6546,37.685797,-91.900670
zip4,6547,6547,6547,37.339237,-91.625052
zip4,6548,6548,6548,38.089191,-92.316848
zip4,6550,6550,6550,37.497484,-91.589986
zip4,6552,6552,6552,37.929166,-91.990984
zip4,6553,6553,6553,37.707612,-92.680638
zip4,6554,6554,6554,37.536505,-91.886167
zip4,6555,6555,6555,37.875071,-91.945711
zip4,6556,6556,6556,37.662914,-91.493925
zip4,6557,6557,6557,37.188368,-91.616896
zip4,6558,6558,6558,37.815031,-92.206911
zip4,6559,6559,6559,37.607445,-92.929075
zip4,6560,6560,6560,36.901282,-92.680985
zip4,6561,6561,6561,37.580565,-93.397714
zip4,6562,6562,6562,36.584497,-92.107866
zip4,6563,6563,6563,37.490932,-92.810980
zip4,6564,6564,6564,37.647540,-93.631125
zip4,6565,6565,6565,36.623514,-92.434245
zip4,6566,6566,6566,37.373022,-92.516425
zip4,6567,6567,6567,37.789485,-93.635183
zip4,6568,6568,6568,37.121659,-92.066389
zip4,6569,6569,6569,36.592063,-91.272166
zip4,6570,6570,6570,37.232034,-93.848323
zip4,6571,6571,6571,37.176350,-92.322205
zip4,6572,6572,6572,36.972910,-93.231654
zip4,6573,6573,6573,36.799653,-93.929323
zip4,6574,6574,6574,37.144089,-92.779226
zip4,6575,6575,6575,37.276442,-93.100495
zip4,6576,6576,6576,36.610978,-92.734536
zip4,6577,6577,6577,36.712220,-91.810130
zip4,6578,6578,6578,37.706620,-93.803949
zip4,6579,6579,6579,36.588342,-91.490464
zip4,6580,6580,6580,37.240495,-93.333728
zip4,6581,6581,6581,37.125383,-93.317420
zip4,6589,6589,6589,37.200365,-93.280741
zip4,6600,6600,6600,38.796028,-95.244345
zip4,6601,6601,6601,38.059718,-95.377658
zip4,6602,6602,6602,39.514927,-95.386136
zip4,6603,6603,6603,38.229882,-95.204634
zip4,6604,6604,6604,38.966729,-95.296325
zip4,6605,6605,6605,39.007393,-95.035948
zip4,6606,6606,6606,38.626572,-95.255169
zip4,6607,6607,6607,38.561869,-94.939971
zip4,6608,6608,6608,39.798468,-95.146276
zip4,6609,6609,6609,38.208016,-95.461306
zip4,6610,6610,6610,39.144106,-94.771023
zip4,6611,6611,6611,39.079337,-94.787037
zip4,6616,6616,6616,39.056182,-94.609571
zip4,6620,6620,6620,38.988130,-94.660798
zip4,6621,6621,6621,38.958541,-94.729895
zip4,6622,6622,6622,38.852862,-94.667615
zip4,6625,6625,6625,38.919622,-94.657679
zip4,6640,6640,6640,39.888812,-96.313647
zip4,6641,6641,6641,39.703784,-96.101656
zip4,6642,6642,6642,39.660419,-96.420757
zip4,6643,6643,6643,39.486408,-95.704845
zip4,6644,6644,6644,38.993220,-96.792621
zip4,6645,6645,6645,38.604826,-95.688873
zip4,6650,6650,6650,39.863836,-96.625554
zip4,6651,6651,6651,39.965577,-96.559612
zip4,6652,6652,6652,39.471214,-96.202933
zip4,6653,6653,6653,39.859870,-95.945496
zip4,6654,6654,6654,39.332805,-96.362808
zip4,6655,6655,6655,39.466797,-96.766849
zip4,6660,6660,6660,39.024485,-95.637548
zip4,6661,6661,6661,39.061733,-95.875810
zip4,6662,6662,6662,39.033319,-95.702713
zip4,6670,6670,6670,37.823400,-94.729431
zip4,6671,6671,6671,37.608657,-95.665983
zip4,6672,6672,6672,37.141817,-94.868068
zip4,6673,6673,6673,37.568488,-95.866362
zip4,6674,6674,6674,37.543909,-94.878511
zip4,6675,6675,6675,37.430121,-95.697949
zip4,6676,6676,6676,38.066366,-94.714276
zip4,6677,6677,6677,37.791008,-95.993364
zip4,6678,6678,6678,37.874837,-95.722612
zip4,6680,6680,6680,38.420829,-96.191603
zip4,6683,6683,6683,38.226775,-95.739069
zip4,6684,6684,6684,38.136547,-96.785808
zip4,6685,6685,6685,38.459980,-96.829561
zip4,6686,6686,6686,38.157190,-96.317202
zip4,6687,6687,6687,38.380577,-95.618341
zip4,6690,6690,6690,39.539560,-97.633776
zip4,6693,6693,6693,39.703917,-97.422559
zip4,6694,6694,6694,39.594161,-97.837655
zip4,6695,6695,6695,39.800753,-98.241198
zip4,6696,6696,6696,39.823967,-97.031572
zip4,6697,6697,6697,39.943038,-98.043764
zip4,6700,6700,6700,37.174961,-98.120694
zip4,6701,6701,6701,37.661946,-96.971490
zip4,6702,6702,6702,37.477678,-98.975332
zip4,6703,6703,6703,37.659787,-98.419796
zip4,6704,6704,6704,37.801417,-96.334358
zip4,6705,6705,6705,37.617756,-99.177238
zip4,6706,6706,6706,37.638480,-98.102693
zip4,6707,6707,6707,37.603500,-96.722352
zip4,6710,6710,6710,37.283844,-98.638568
zip4,6711,6711,6711,37.548788,-97.880808
zip4,6712,6712,6712,37.622527,-98.758623
zip4,6713,6713,6713,37.906538,-97.447329
zip4,6714,6714,6714,37.866813,-97.302565
zip4,6715,6715,6715,37.259695,-96.950512
zip4,6720,6720,6720,37.740183,-97.408319
zip4,6721,6721,6721,37.704437,-97.435322
zip4,6722,6722,6722,37.781469,-97.178391
zip4,6723,6723,6723,37.682200,-97.170288
zip4,6726,6726,6726,37.718314,-97.292844
zip4,6730,6730,6730,37.190424,-95.759528
zip4,6733,6733,6733,37.071908,-95.570854
zip4,6734,6734,6734,37.219836,-96.007857
zip4,6735,6735,6735,37.261602,-95.239202
zip4,6736,6736,6736,37.141652,-96.192765
zip4,6740,6740,6740,38.816711,-97.613205
zip4,6741,6741,6741,39.190378,-98.041898
zip4,6742,6742,6742,39.400952,-98.068885
zip4,6743,6743,6743,39.349736,-97.155966
zip4,6744,6744,6744,38.688710,-96.866902
zip4,6745,6745,6745,39.161687,-97.309177
zip4,6746,6746,6746,38.467709,-97.710028
zip4,6747,6747,6747,39.466425,-98.722125
zip4,6748,6748,6748,39.186812,-97.076943
zip4,6749,6749,6749,38.790312,-98.451873
zip4,6750,6750,6750,38.006337,-97.913127
zip4,6751,6751,6751,38.383620,-99.658489
zip4,6752,6752,6752,38.383922,-98.460812
zip4,6753,6753,6753,38.338082,-98.811352
zip4,6754,6754,6754,38.231193,-97.830350
zip4,6755,6755,6755,38.383886,-98.183118
zip4,6756,6756,6756,38.582723,-98.994493
zip4,6757,6757,6757,38.028343,-98.692624
zip4,6758,6758,6758,38.681846,-100.110007
zip4,6760,6760,6760,38.900317,-99.346793
zip4,6762,6762,6762,39.488293,-98.926119
zip4,6763,6763,6763,38.928945,-99.583108
zip4,6764,6764,6764,39.081964,-98.613933
zip4,6765,6765,6765,39.833399,-100.080932
zip4,6766,6766,6766,39.524328,-99.332721
zip4,6767,6767,6767,39.005763,-99.909372
zip4,6770,6770,6770,39.387181,-101.063576
zip4,6773,6773,6773,39.546394,-101.603390
zip4,6774,6774,6774,39.040283,-100.952428
zip4,6775,6775,6775,39.785657,-101.857460
zip4,6776,6776,6776,38.953177,-101.401335
zip4,6780,6780,6780,37.749390,-100.027075
zip4,6783,6783,6783,38.153236,-100.344771
zip4,6784,6784,6784,38.045068,-100.749821
zip4,6785,6785,6785,38.080565,-99.986436
zip4,6786,6786,6786,37.376517,-100.535766
zip4,6787,6787,6787,38.190230,-101.759628
zip4,6788,6788,6788,37.663623,-101.317624
zip4,6790,6790,6790,37.127364,-100.908510
zip4,6795,6795,6795,37.184613,-101.557266
zip4,6800,6800,6800,42.009778,-96.661743
zip4,6801,6801,6801,41.060048,-96.643162
zip4,6802,6802,6802,41.652004,-96.289953
zip4,6803,6803,6803,41.944862,-96.428779
zip4,6804,6804,6804,42.108331,-96.723811
zip4,6805,6805,6805,41.669835,-96.721739
zip4,6806,6806,6806,42.178657,-96.587395
zip4,6807,6807,6807,41.191028,-96.812830
zip4,6810,6810,6810,41.232496,-95.969874
zip4,6811,6811,6811,41.266355,-96.051671
zip4,6812,6812,6812,41.107315,-95.952943
zip4,6813,6813,6813,41.183957,-96.158409
zip4,6814,6814,6814,41.233221,-96.119293
zip4,6815,6815,6815,41.362627,-95.999204
zip4,6816,6816,6816,41.308197,-96.109308
zip4,6817,6817,6817,41.264280,-95.945681
zip4,6818,6818,6818,41.258089,-96.009779
zip4,6830,6830,6830,40.381867,-95.852131
zip4,6831,6831,6831,40.233233,-96.730805
zip4,6832,6832,6832,40.314425,-97.587533
zip4,6833,6833,6833,40.672262,-96.931305
zip4,6834,6834,6834,40.809176,-96.345161
zip4,6835,6835,6835,40.643190,-97.435112
zip4,6836,6836,6836,40.553279,-97.652148
zip4,6837,6837,6837,40.121687,-97.529415
zip4,6838,6838,6838,40.095516,-96.482710
zip4,6840,6840,6840,40.734844,-97.587737
zip4,6841,6841,6841,40.705376,-96.387662
zip4,6842,6842,6842,40.098338,-96.189924
zip4,6843,6843,6843,40.923215,-97.129935
zip4,6844,6844,6844,40.435930,-96.364269
zip4,6845,6845,6845,40.354444,-96.255537
zip4,6846,6846,6846,40.879917,-97.549498
zip4,6850,6850,6850,40.823729,-96.641179
zip4,6851,6851,6851,40.733790,-96.673010
zip4,6852,6852,6852,40.811086,-96.778933
zip4,6853,6853,6853,40.795680,-96.836029
zip4,6858,6858,6858,40.824653,-96.696741
zip4,6860,6860,6860,41.485158,-97.358737
zip4,6862,6862,6862,41.727390,-98.070788
zip4,6863,6863,6863,42.020213,-98.181115
zip4,6864,6864,6864,41.481091,-96.790053
zip4,6865,6865,6865,41.838116,-98.161374
zip4,6866,6866,6866,41.593354,-97.845381
zip4,6870,6870,6870,42.012218,-97.416981
zip4,6871,6871,6871,42.430960,-99.428688
zip4,6872,6872,6872,42.474028,-97.924778
zip4,6873,6873,6873,42.619873,-97.258552
zip4,6874,6874,6874,41.837109,-97.484475
zip4,6875,6875,6875,42.647704,-96.922713
zip4,6876,6876,6876,42.458194,-98.440274
zip4,6877,6877,6877,42.860781,-99.816361
zip4,6878,6878,6878,42.640709,-98.129795
zip4,6879,6879,6879,42.737281,-97.103905
zip4,6880,6880,6880,40.937486,-98.333890
zip4,6881,6881,6881,41.682169,-99.846588
zip4,6882,6882,6882,41.371817,-99.787581
zip4,6883,6883,6883,41.842080,-100.092118
zip4,6884,6884,6884,40.728387,-99.038537
zip4,6885,6885,6885,41.217240,-99.121358
zip4,6886,6886,6886,41.591170,-98.962590
zip4,6887,6887,6887,41.213159,-98.483916
zip4,6888,6888,6888,41.412068,-98.435424
zip4,6890,6890,6890,40.590223,-98.359507
zip4,6892,6892,6892,40.342891,-98.606063
zip4,6893,6893,6893,40.437624,-98.018559
zip4,6894,6894,6894,40.461459,-99.325000
zip4,6895,6895,6895,40.531717,-98.958341
zip4,6896,6896,6896,40.204881,-99.593225
zip4,6897,6897,6897,40.118183,-98.522698
zip4,6898,6898,6898,40.277867,-98.915249
zip4,6900,6900,6900,40.299083,-100.638996
zip4,6902,6902,6902,40.483127,-101.906147
zip4,6903,6903,6903,40.540382,-100.911637
zip4,6904,6904,6904,40.324328,-101.258300
zip4,6910,6910,6910,41.194484,-100.753420
zip4,6912,6912,6912,41.141984,-102.209513
zip4,6913,6913,6913,41.426956,-103.019089
zip4,6914,6914,6914,40.848792,-101.801779
zip4,6915,6915,6915,41.061999,-101.548090
zip4,6916,6916,6916,41.524096,-100.602625
zip4,6917,6917,6917,40.781561,-100.745051
zip4,6920,6920,6920,42.708528,-100.664029
zip4,6921,6921,6921,42.884221,-101.262177
zip4,6922,6922,6922,42.912193,-100.171986
zip4,6930,6930,6930,42.081715,-102.993601
zip4,6933,6933,6933,41.713839,-103.214539
zip4,6934,6934,6934,41.647122,-103.711294
zip4,6935,6935,6935,42.089126,-103.848427
zip4,6936,6936,6936,42.816952,-103.340095
zip4,7000,7000,7000,29.998459,-90.177569
zip4,7003,7003,7003,29.777524,-90.044234
zip4,7004,7004,7004,29.728642,-89.912228
zip4,7005,7005,7005,29.968283,-90.446736
zip4,7006,7006,7006,30.013637,-90.253315
zip4,7007,7007,7007,29.820552,-90.276277
zip4,7008,7008,7008,29.511899,-89.837553
zip4,7009,7009,7009,29.149657,-89.191259
zip4,7011,7011,7011,29.945508,-90.032937
zip4,7012,7012,7012,30.091301,-89.812932
zip4,7013,7013,7013,29.912746,-89.966977
zip4,7014,7014,7014,30.027052,-90.067219
zip4,7016,7016,7016,29.949966,-90.075464
zip4,7030,7030,7030,29.810558,-90.716071
zip4,7031,7031,7031,29.791684,-90.802278
zip4,7033,7033,7033,29.878974,-91.168298
zip4,7034,7034,7034,29.540332,-90.274428
zip4,7035,7035,7035,29.647476,-90.970659
zip4,7036,7036,7036,29.566840,-90.778938
zip4,7037,7037,7037,29.533543,-90.438390
zip4,7038,7038,7038,29.747380,-91.110283
zip4,7039,7039,7039,29.898452,-91.012587
zip4,7040,7040,7040,30.512278,-90.466009
zip4,7042,7042,7042,30.729073,-90.484941
zip4,7043,7043,7043,30.709019,-90.139264
zip4,7044,7044,7044,30.860066,-90.677397
zip4,7045,7045,7045,30.412224,-90.380908
zip4,7046,7046,7046,30.375112,-90.588056
zip4,7047,7047,7047,30.407516,-90.027963
zip4,7050,7050,7050,30.213676,-92.039652
zip4,7051,7051,7051,29.897464,-92.213078
zip4,7052,7052,7052,30.412150,-92.213049
zip4,7053,7053,7053,30.471411,-92.434787
zip4,7054,7054,7054,29.979468,-92.612976
zip4,7055,7055,7055,30.640490,-92.492808
zip4,7056,7056,7056,29.952751,-91.858640
zip4,7057,7057,7057,30.526652,-92.016751
zip4,7058,7058,7058,30.738164,-92.316615
zip4,7059,7059,7059,30.252334,-92.839096
zip4,7060,7060,7060,30.103265,-93.216195
zip4,7061,7061,7061,30.297408,-93.199907
zip4,7062,7062,7062,30.231072,-93.218640
zip4,7063,7063,7063,29.923977,-92.934134
zip4,7064,7064,7064,29.747416,-92.812936
zip4,7065,7065,7065,30.533471,-93.113730
zip4,7066,7066,7066,30.416243,-93.611779
zip4,7070,7070,7070,30.607117,-90.910674
zip4,7071,7071,7071,30.804697,-91.659383
zip4,7072,7072,7072,30.829852,-90.939135
zip4,7073,7073,7073,30.207866,-90.961971
zip4,7074,7074,7074,30.323619,-91.451469
zip4,7075,7075,7075,30.414789,-90.739065
zip4,7076,7076,7076,30.201062,-91.369615
zip4,7077,7077,7077,30.831152,-91.378423
zip4,7078,7078,7078,30.533418,-90.814645
zip4,7079,7079,7079,30.650634,-91.141467
zip4,7080,7080,7080,30.481079,-91.162524
zip4,7081,7081,7081,30.471858,-91.050205
zip4,7082,7082,7082,30.366528,-91.180162
zip4,7083,7083,7083,30.383658,-91.080511
zip4,7100,7100,7100,32.710161,-93.676830
zip4,7101,7101,7101,32.098852,-93.304158
zip4,7102,7102,7102,32.466362,-93.092330
zip4,7103,7103,7103,32.104444,-93.789830
zip4,7104,7104,7104,32.789704,-92.981617
zip4,7105,7105,7105,32.036178,-93.643960
zip4,7106,7106,7106,32.901860,-93.687726
zip4,7107,7107,7107,32.913705,-93.390987
zip4,7108,7108,7108,32.829425,-93.963406
zip4,7110,7110,7110,32.522048,-93.841173
zip4,7111,7111,7111,32.488782,-93.921418
zip4,7112,7112,7112,32.385208,-93.932751
zip4,7120,7120,7120,32.478790,-92.029113
zip4,7121,7121,7121,32.325011,-91.693032
zip4,7122,7122,7122,32.529984,-92.397501
zip4,7123,7123,7123,32.682803,-92.652258
zip4,7124,7124,7124,32.766715,-92.344911
zip4,7125,7125,7125,32.234582,-92.684042
zip4,7126,7126,7126,32.900106,-92.251673
zip4,7127,7127,7127,32.501595,-92.734344
zip4,7128,7128,7128,32.334265,-91.162831
zip4,7129,7129,7129,32.153866,-91.696918
zip4,7130,7130,7130,31.218812,-92.414014
zip4,7131,7131,7131,31.290917,-91.768928
zip4,7132,7132,7132,31.339967,-92.181673
zip4,7133,7133,7133,31.663825,-91.556513
zip4,7134,7134,7134,31.558927,-91.906863
zip4,7135,7135,7135,32.088636,-91.309751
zip4,7136,7136,7136,31.960557,-91.342984
zip4,7137,7137,7137,31.664262,-92.251325
zip4,7140,7140,7140,31.306973,-92.719156
zip4,7141,7141,7141,31.786944,-93.703054
zip4,7142,7142,7142,32.063126,-92.693569
zip4,7143,7143,7143,31.048708,-92.605744
zip4,7144,7144,7144,31.259982,-93.160433
zip4,7145,7145,7145,31.691956,-93.014378
zip4,7146,7146,7146,31.617356,-93.211651
zip4,7147,7147,7147,32.056340,-92.435387
zip4,7148,7148,7148,31.875157,-92.677020
zip4,7149,7149,7149,31.746385,-93.098172
zip4,7160,7160,7160,34.185832,-92.018410
zip4,7163,7163,7163,33.527525,-91.422202
zip4,7164,7164,7164,33.155016,-91.242583
zip4,7165,7165,7165,33.383381,-91.405068
zip4,7166,7166,7166,33.892038,-91.970812
zip4,7167,7167,7167,33.751627,-91.440895
zip4,7170,7170,7170,33.600742,-92.785419
zip4,7172,7172,7172,33.690003,-93.028114
zip4,7173,7173,7173,33.204687,-92.657109
zip4,7174,7174,7174,33.096041,-93.021664
zip4,7175,7175,7175,33.275881,-93.174339
zip4,7176,7176,7176,33.145090,-92.268886
zip4,7177,7177,7177,33.383852,-93.312077
zip4,7180,7180,7180,33.649716,-93.588024
zip4,7182,7182,7182,33.686088,-94.142895
zip4,7183,7183,7183,33.214325,-93.881873
zip4,7184,7184,7184,33.913245,-93.634551
zip4,7185,7185,7185,33.913356,-93.891847
zip4,7186,7186,7186,33.761123,-93.717181
zip4,7190,7190,7190,34.574269,-93.005605
zip4,7191,7191,7191,34.467847,-93.133330
zip4,7192,7192,7192,34.093210,-93.060210
zip4,7193,7193,7193,34.405595,-93.709030
zip4,7194,7194,7194,34.324392,-93.651531
zip4,7195,7195,7195,34.618768,-94.228469
zip4,7196,7196,7196,34.537154,-93.294927
zip4,7197,7197,7197,34.281937,-94.143906
zip4,7199,7199,7199,34.126267,-93.054201
zip4,7200,7200,7200,35.254587,-91.308270
zip4,7201,7201,7201,34.583529,-92.622462
zip4,7202,7202,7202,35.473242,-91.504005
zip4,7203,7203,7203,35.061227,-92.399789
zip4,7204,7204,7204,34.268764,-91.247681
zip4,7205,7205,7205,35.249914,-92.371296
zip4,7206,7206,7206,35.073649,-91.577635
zip4,7207,7207,7207,34.405685,-91.662636
zip4,7208,7208,7208,34.118719,-92.717383
zip4,7209,7209,7209,34.900467,-92.150649
zip4,7210,7210,7210,34.343699,-92.859607
zip4,7211,7211,7211,35.602795,-91.243672
zip4,7212,7212,7212,34.906204,-92.896606
zip4,7213,7213,7213,35.343980,-92.095494
zip4,7214,7214,7214,35.521461,-92.688264
zip4,7215,7215,7215,34.290446,-92.343696
zip4,7216,7216,7216,34.058492,-91.249749
zip4,7217,7217,7217,34.996638,-91.853141
zip4,7218,7218,7218,35.163864,-92.445840
zip4,7219,7219,7219,34.828299,-92.302834
zip4,7220,7220,7220,34.646757,-92.267043
zip4,7221,7221,7221,34.721673,-92.487168
zip4,7222,7222,7222,34.792142,-92.506840
zip4,7230,7230,7230,35.087591,-90.188010
zip4,7231,7231,7231,35.867342,-89.924180
zip4,7232,7232,7232,35.110095,-90.908327
zip4,7233,7233,7233,34.283107,-90.867636
zip4,7234,7234,7234,35.009932,-90.433644
zip4,7235,7235,7235,35.778986,-89.896768
zip4,7236,7236,7236,35.213532,-90.175387
zip4,7237,7237,7237,35.061084,-90.281662
zip4,7238,7238,7238,35.429909,-90.327868
zip4,7239,7239,7239,35.158155,-90.921569
zip4,7240,7240,7240,35.848965,-90.645619
zip4,7241,7241,7241,36.120311,-91.160685
zip4,7242,7242,7242,36.416252,-90.545760
zip4,7243,7243,7243,36.263956,-90.501472
zip4,7244,7244,7244,35.839097,-90.174730
zip4,7245,7245,7245,36.395708,-90.207132
zip4,7246,7246,7246,36.244278,-90.228097
zip4,7247,7247,7247,35.613919,-90.910566
zip4,7248,7248,7248,36.265946,-91.362950
zip4,7250,7250,7250,35.779266,-91.695605
zip4,7251,7251,7251,36.227534,-91.676728
zip4,7252,7252,7252,35.952295,-91.547074
zip4,7253,7253,7253,36.113999,-91.608956
zip4,7254,7254,7254,35.449700,-91.996399
zip4,7255,7255,7255,36.420017,-91.569355
zip4,7256,7256,7256,35.862619,-92.060529
zip4,7257,7257,7257,36.032757,-91.728448
zip4,7258,7258,7258,36.392254,-91.986291
zip4,7260,7260,7260,36.233445,-93.041527
zip4,7261,7261,7261,36.316875,-93.563407
zip4,7262,7262,7262,35.840075,-93.305709
zip4,7263,7263,7263,36.390054,-93.762659
zip4,7264,7264,7264,35.801308,-92.500836
zip4,7265,7265,7265,36.266613,-92.347384
zip4,7266,7266,7266,36.416658,-93.198023
zip4,7267,7267,7267,35.997196,-92.806364
zip4,7268,7268,7268,35.877870,-92.317070
zip4,7270,7270,7270,35.987936,-94.069202
zip4,7271,7271,7271,36.355792,-94.250461
zip4,7272,7272,7272,36.335626,-94.464599
zip4,7273,7273,7273,36.411568,-94.469777
zip4,7274,7274,7274,36.094932,-93.649019
zip4,7275,7275,7275,35.790717,-93.604606
zip4,7276,7276,7276,36.103558,-94.471617
zip4,7277,7277,7277,35.912820,-93.646397
zip4,7280,7280,7280,35.290961,-93.083434
zip4,7282,7282,7282,35.118166,-93.382235
zip4,7283,7283,7283,35.550634,-93.106337
zip4,7284,7284,7284,35.429959,-93.321885
zip4,7285,7285,7285,35.260198,-93.571286
zip4,7286,7286,7286,35.333539,-93.528358
zip4,7290,7290,7290,35.361401,-94.378219
zip4,7291,7291,7291,35.271363,-94.380965
zip4,7292,7292,7292,35.091697,-93.958262
zip4,7293,7293,7293,35.344181,-93.998770
zip4,7294,7294,7294,35.544521,-93.915025
zip4,7295,7295,7295,34.863467,-94.137582
zip4,7300,7300,7300,34.978200,-98.311610
zip4,7301,7301,7301,35.049054,-97.824460
zip4,7302,7302,7302,35.351304,-98.714667
zip4,7303,7303,7303,34.499584,-97.176606
zip4,7304,7304,7304,35.435071,-98.386251
zip4,7305,7305,7305,35.341207,-98.029317
zip4,7306,7306,7306,35.141120,-97.280974
zip4,7307,7307,7307,34.764379,-97.236049
zip4,7308,7308,7308,34.761432,-97.904860
zip4,7309,7309,7309,35.475914,-98.730747
zip4,7310,7310,7310,35.472583,-97.548489
zip4,7311,7311,7311,35.474639,-97.434654
zip4,7312,7312,7312,35.485036,-97.645402
zip4,7313,7313,7313,35.576324,-97.462137
zip4,7314,7314,7314,35.609209,-97.635761
zip4,7315,7315,7315,35.406225,-97.329369
zip4,7316,7316,7316,35.337223,-97.396418
zip4,7317,7317,7317,35.321338,-97.578354
zip4,7340,7340,7340,34.195555,-97.090452
zip4,7342,7342,7342,34.460824,-97.562219
zip4,7343,7343,7343,34.627177,-97.465403
zip4,7344,7344,7344,34.050030,-96.774749
zip4,7345,7345,7345,34.354382,-97.267928
zip4,7346,7346,7346,34.124224,-97.423947
zip4,7348,7348,7348,34.434285,-97.515319
zip4,7349,7349,7349,34.460238,-97.657303
zip4,7350,7350,7350,34.673815,-98.457031
zip4,7352,7352,7352,34.328827,-97.968825
zip4,7353,7353,7353,34.487407,-97.851785
zip4,7354,7354,7354,34.434714,-98.509285
zip4,7355,7355,7355,34.776066,-99.552216
zip4,7356,7356,7356,34.833944,-98.989432
zip4,7357,7357,7357,34.175466,-97.956093
zip4,7360,7360,7360,35.509087,-98.978602
zip4,7362,7362,7362,35.630683,-99.682043
zip4,7363,7363,7363,35.247698,-98.879324
zip4,7364,7364,7364,35.189960,-99.874856
zip4,7365,7365,7365,34.966817,-99.138343
zip4,7366,7366,7366,35.188195,-99.138560
zip4,7367,7367,7367,35.073309,-99.624297
zip4,7370,7370,7370,36.448822,-97.827554
zip4,7371,7371,7371,36.195405,-98.160810
zip4,7372,7372,7372,36.750442,-98.403152
zip4,7373,7373,7373,36.282602,-98.584431
zip4,7374,7374,7374,36.079075,-97.903233
zip4,7375,7375,7375,35.873272,-97.937839
zip4,7376,7376,7376,36.096116,-98.313140
zip4,7377,7377,7377,36.252734,-97.876463
zip4,7380,7380,7380,36.492377,-99.433837
zip4,7383,7383,7383,36.058183,-99.684936
zip4,7384,7384,7384,36.580526,-100.160993
zip4,7385,7385,7385,36.362936,-99.089985
zip4,7386,7386,7386,36.557821,-98.844743
zip4,7390,7390,7390,36.754607,-101.075166
zip4,7393,7393,7393,36.741175,-102.643218
zip4,7394,7394,7394,36.754496,-101.403548
zip4,7395,7395,7395,36.841576,-100.883299
zip4,7396,7396,7396,36.493649,-101.792082
zip4,7400,7400,7400,36.652130,-96.115236
zip4,7401,7401,7401,36.311180,-95.593207
zip4,7402,7402,7402,36.806651,-95.592077
zip4,7403,7403,7403,36.427338,-96.334968
zip4,7404,7404,7404,36.718317,-95.620670
zip4,7405,7405,7405,36.744025,-96.372365
zip4,7406,7406,7406,36.073500,-96.217530
zip4,7407,7407,7407,36.134896,-97.061526
zip4,7408,7408,7408,36.123013,-96.736307
zip4,7410,7410,7410,36.111692,-96.020690
zip4,7411,7411,7411,36.192525,-95.894867
zip4,7412,7412,7412,36.188452,-96.045536
zip4,7413,7413,7413,36.054502,-96.029826
zip4,7414,7414,7414,36.095076,-95.877527
zip4,7417,7417,7417,36.050001,-95.952296
zip4,7430,7430,7430,36.674537,-95.256819
zip4,7433,7433,7433,36.478158,-95.247895
zip4,7434,7434,7434,36.541379,-94.775451
zip4,7435,7435,7435,36.883395,-94.857652
zip4,7436,7436,7436,36.272922,-95.179563
zip4,7437,7437,7437,36.790813,-94.691554
zip4,7440,7440,7440,35.684844,-95.405271
zip4,7442,7442,7442,35.757120,-96.039660
zip4,7443,7443,7443,35.338194,-95.692147
zip4,7444,7444,7444,35.677855,-95.976915
zip4,7445,7445,7445,35.361182,-95.275218
zip4,7446,7446,7446,35.920845,-94.954581
zip4,7447,7447,7447,35.478898,-95.174913
zip4,7450,7450,7450,35.000591,-95.798330
zip4,7452,7452,7452,34.358895,-96.064111
zip4,7453,7453,7453,34.577166,-95.440696
zip4,7454,7454,7454,34.561993,-94.916456
zip4,7455,7455,7455,35.121814,-95.250231
zip4,7456,7456,7456,34.989029,-95.085796
zip4,7457,7457,7457,34.827326,-95.322547
zip4,7460,7460,7460,36.702686,-97.088828
zip4,7463,7463,7463,36.625374,-96.679006
zip4,7464,7464,7464,36.868082,-97.002227
zip4,7465,7465,7465,36.834277,-96.682851
zip4,7470,7470,7470,33.996656,-96.349995
zip4,7472,7472,7472,34.049284,-96.024098
zip4,7473,7473,7473,33.879741,-96.459919
zip4,7474,7474,7474,33.815113,-94.700317
zip4,7475,7475,7475,34.182785,-95.106391
zip4,7476,7476,7476,34.097129,-95.008803
zip4,7480,7480,7480,35.368898,-96.928834
zip4,7482,7482,7482,34.882256,-96.405484
zip4,7483,7483,7483,34.895773,-97.054123
zip4,7484,7484,7484,35.090038,-96.351416
zip4,7485,7485,7485,35.118894,-96.890573
zip4,7486,7486,7486,34.622186,-96.810297
zip4,7487,7487,7487,35.212778,-96.982940
zip4,7488,7488,7488,35.289833,-96.319426
zip4,7490,7490,7490,35.286910,-94.482826
zip4,7493,7493,7493,34.761491,-94.589625
zip4,7494,7494,7494,35.207108,-94.911032
zip4,7495,7495,7495,34.491236,-94.595915
zip4,7496,7496,7496,35.908579,-94.682766
zip4,7500,7500,7500,33.361592,-96.737287
zip4,7501,7501,7501,32.963918,-96.984491
zip4,7502,7502,7502,33.763000,-96.529587
zip4,7503,7503,7503,33.145144,-96.838129
zip4,7504,7504,7504,32.910930,-96.643307
zip4,7505,7505,7505,33.071578,-96.938276
zip4,7506,7506,7506,33.175344,-96.589961
zip4,7507,7507,7507,33.226285,-96.762760
zip4,7508,7508,7508,32.934335,-96.480883
zip4,7509,7509,7509,33.610210,-96.600109
zip4,7510,7510,7510,32.523012,-95.884087
zip4,7511,7511,7511,32.690776,-95.874767
zip4,7512,7512,7512,32.539673,-96.622499
zip4,7513,7513,7513,33.067647,-96.234155
zip4,7514,7514,7514,32.645225,-95.696317
zip4,7515,7515,7515,32.471300,-96.398201
zip4,7516,7516,7516,32.729422,-96.136299
zip4,7517,7517,7517,33.052948,-96.377596
zip4,7518,7518,7518,32.938715,-96.298775
zip4,7520,7520,7520,32.793255,-96.792289
zip4,7521,7521,7521,32.707695,-96.693279
zip4,7522,7522,7522,32.875248,-96.850873
zip4,7523,7523,7523,32.884610,-96.746782
zip4,7524,7524,7524,32.664825,-96.766700
zip4,7525,7525,7525,32.666177,-96.626502
zip4,7526,7526,7526,32.876063,-97.054716
zip4,7527,7527,7527,32.781260,-96.801931
zip4,7528,7528,7528,32.999633,-96.839896
zip4,7539,7539,7539,32.814008,-96.842575
zip4,7540,7540,7540,33.345207,-96.522826
zip4,7541,7541,7541,33.423336,-95.111440
zip4,7542,7542,7542,33.660685,-95.011396
zip4,7543,7543,7543,33.400399,-95.670918
zip4,7544,7544,7544,32.872188,-95.762004
zip4,7545,7545,7545,33.203617,-95.091499
zip4,7546,7546,7546,33.631168,-95.540880
zip4,7547,7547,7547,32.901140,-96.077846
zip4,7548,7548,7548,33.174921,-95.601421
zip4,7549,7549,7549,33.468335,-96.410092
zip4,7550,7550,7550,33.431274,-94.081350
zip4,7555,7555,7555,33.503442,-94.730577
zip4,7556,7556,7556,33.147446,-94.519973
zip4,7557,7557,7557,33.416788,-94.480173
zip4,7560,7560,7560,32.484882,-94.747516
zip4,7563,7563,7563,32.175421,-94.306647
zip4,7564,7564,7564,32.668910,-94.850905
zip4,7565,7565,7565,32.148820,-94.784095
zip4,7566,7566,7566,32.387320,-94.898602
zip4,7567,7567,7567,32.518954,-94.365892
zip4,7568,7568,7568,32.912250,-94.917079
zip4,7569,7569,7569,32.310119,-94.550990
zip4,7570,7570,7570,32.356117,-95.232735
zip4,7571,7571,7571,32.336980,-95.283815
zip4,7575,7575,7575,32.189290,-95.831010
zip4,7576,7576,7576,32.642827,-95.252807
zip4,7577,7577,7577,32.612628,-95.464835
zip4,7578,7578,7578,31.755233,-95.235419
zip4,7579,7579,7579,32.536342,-95.645839
zip4,7580,7580,7580,31.822142,-95.574675
zip4,7583,7583,7583,31.364330,-95.547999
zip4,7584,7584,7584,31.802318,-96.118365
zip4,7585,7585,7585,31.049607,-95.659182
zip4,7586,7586,7586,30.971532,-95.388457
zip4,7588,7588,7588,31.800625,-95.910363
zip4,7590,7590,7590,31.279943,-94.777489
zip4,7592,7592,7592,31.617492,-95.079910
zip4,7593,7593,7593,30.985102,-94.625186
zip4,7594,7594,7594,31.301130,-93.789984
zip4,7595,7595,7595,30.803022,-94.027958
zip4,7596,7596,7596,31.612288,-94.602665
zip4,7597,7597,7597,31.563784,-94.093074
zip4,7598,7598,7598,31.130485,-94.351907
zip4,7600,7600,7600,32.424554,-97.216494
zip4,7601,7601,7601,32.709702,-97.127049
zip4,7602,7602,7602,32.532694,-97.300230
zip4,7603,7603,7603,32.308591,-97.409193
zip4,7604,7604,7604,32.331367,-97.748021
zip4,7605,7605,7605,32.219650,-97.110518
zip4,7606,7606,7606,32.778995,-98.101090
zip4,7607,7607,7607,33.100521,-97.725493
zip4,7608,7608,7608,32.791297,-97.775342
zip4,7609,7609,7609,32.205420,-97.405227
zip4,7610,7610,7610,32.771037,-97.505515
zip4,7611,7611,7611,32.752023,-97.213968
zip4,7612,7612,7612,32.639640,-97.488519
zip4,7613,7613,7613,32.649990,-97.384554
zip4,7614,7614,7614,32.632316,-97.277222
zip4,7615,7615,7615,32.820520,-97.044548
zip4,7616,7616,7616,32.775323,-97.352082
zip4,7617,7617,7617,32.905968,-97.436572
zip4,7618,7618,7618,32.872766,-97.213979
zip4,7620,7620,7620,33.207853,-97.115722
zip4,7621,7621,7621,33.156166,-97.107971
zip4,7622,7622,7622,33.361587,-97.681791
zip4,7623,7623,7623,33.413162,-98.071203
zip4,7624,7624,7624,33.708465,-97.145775
zip4,7625,7625,7625,33.782474,-97.698281
zip4,7626,7626,7626,33.364633,-97.197286
zip4,7627,7627,7627,33.452841,-97.033036
zip4,7630,7630,7630,33.985771,-98.389287
zip4,7631,7631,7631,33.802498,-98.484221
zip4,7635,7635,7635,33.547725,-98.756165
zip4,7636,7636,7636,33.896298,-98.835081
zip4,7637,7637,7637,33.317344,-98.879171
zip4,7638,7638,7638,33.614233,-99.291934
zip4,7640,7640,7640,32.287071,-98.233022
zip4,7642,7642,7642,32.782070,-98.836907
zip4,7643,7643,7643,32.381034,-99.024312
zip4,7644,7644,7644,32.020329,-98.473189
zip4,7645,7645,7645,33.135611,-98.605830
zip4,7646,7646,7646,32.524771,-98.048440
zip4,7647,7647,7647,32.576154,-98.598025
zip4,7648,7648,7648,33.175180,-99.235085
zip4,7649,7649,7649,33.064603,-99.028788
zip4,7650,7650,7650,31.088898,-97.293327
zip4,7651,7651,7651,31.062010,-97.520581
zip4,7652,7652,7652,30.886646,-96.863589
zip4,7653,7653,7653,31.675611,-98.043049
zip4,7654,7654,7654,31.035560,-97.752996
zip4,7655,7655,7655,31.303457,-97.424360
zip4,7656,7656,7656,30.647315,-97.009382
zip4,7657,7657,7657,30.617422,-97.302281
zip4,7659,7659,7659,31.483080,-97.716134
zip4,7662,7662,7662,32.104959,-97.379961
zip4,7663,7663,7663,31.802616,-97.535779
zip4,7664,7664,7664,31.524220,-96.524867
zip4,7665,7665,7665,31.296577,-96.581088
zip4,7666,7666,7666,31.645867,-96.471995
zip4,7667,7667,7667,31.995731,-97.510896
zip4,7668,7668,7668,31.373724,-96.455828
zip4,7669,7669,7669,31.824070,-96.440168
zip4,7670,7670,7670,31.572834,-97.066626
zip4,7671,7671,7671,31.504196,-97.222261
zip4,7679,7679,7679,31.545914,-97.120857
zip4,7680,7680,7680,31.735753,-98.974495
zip4,7682,7682,7682,31.109966,-99.356004
zip4,7683,7683,7683,31.240550,-99.874397
zip4,7684,7684,7684,31.473898,-98.489192
zip4,7685,7685,7685,30.894597,-99.831333
zip4,7686,7686,7686,31.506068,-99.880956
zip4,7687,7687,7687,31.417482,-99.093261
zip4,7688,7688,7688,30.867835,-98.846775
zip4,7689,7689,7689,31.675949,-98.765675
zip4,7690,7690,7690,31.391564,-100.497090
zip4,7693,7693,7693,31.131301,-101.592181
zip4,7694,7694,7694,30.480505,-101.276738
zip4,7695,7695,7695,30.357019,-100.540759
zip4,7700,7700,7700,29.759380,-95.419069
zip4,7701,7701,7701,29.979275,-95.462482
zip4,7702,7702,7702,29.789196,-95.305827
zip4,7703,7703,7703,29.937750,-95.343228
zip4,7704,7704,7704,29.617810,-95.383972
zip4,7705,7705,7705,29.899168,-95.273472
zip4,7706,7706,7706,29.957825,-95.461969
zip4,7707,7707,7707,29.753955,-95.638481
zip4,7708,7708,7708,29.823218,-95.659408
zip4,7709,7709,7709,29.670184,-95.480511
zip4,7720,7720,7720,29.721686,-95.345383
zip4,7730,7730,7730,30.299924,-95.413279
zip4,7731,7731,7731,30.307744,-95.685985
zip4,7732,7732,7732,30.343021,-94.988840
zip4,7733,7733,7733,30.634358,-95.224783
zip4,7734,7734,7734,30.646094,-95.556852
zip4,7735,7735,7735,30.711603,-94.863793
zip4,7736,7736,7736,30.117330,-95.273719
zip4,7737,7737,7737,30.480159,-94.980816
zip4,7738,7738,7738,30.156707,-95.452227
zip4,7739,7739,7739,29.941796,-95.256727
zip4,7740,7740,7740,29.653823,-95.793578
zip4,7741,7741,7741,28.907932,-95.845375
zip4,7742,7742,7742,28.975541,-95.610141
zip4,7743,7743,7743,29.501691,-96.214049
zip4,7744,7744,7744,29.434484,-96.505815
zip4,7745,7745,7745,29.109314,-96.393792
zip4,7746,7746,7746,29.447462,-95.738273
zip4,7747,7747,7747,29.765986,-96.190342
zip4,7748,7748,7748,29.638527,-96.078356
zip4,7749,7749,7749,29.808906,-95.829480
zip4,7750,7750,7750,29.674084,-95.183801
zip4,7751,7751,7751,29.387275,-95.203741
zip4,7752,7752,7752,29.782463,-94.914031
zip4,7753,7753,7753,30.046975,-94.940025
zip4,7754,7754,7754,29.014654,-95.287589
zip4,7755,7755,7755,29.191448,-94.971896
zip4,7756,7756,7756,29.868844,-94.595523
zip4,7757,7757,7757,30.077105,-94.732325
zip4,7758,7758,7758,30.297925,-94.529813
zip4,7759,7759,7759,29.393593,-94.957966
zip4,7761,7761,7761,30.408361,-93.927423
zip4,7762,7762,7762,30.338418,-94.346451
zip4,7763,7763,7763,30.143899,-93.808628
zip4,7764,7764,7764,29.870386,-93.944545
zip4,7765,7765,7765,29.730002,-93.956360
zip4,7766,7766,7766,30.590806,-94.413070
zip4,7770,7770,7770,29.946586,-94.131919
zip4,7771,7771,7771,30.064716,-94.262989
zip4,7780,7780,7780,30.752404,-96.344275
zip4,7783,7783,7783,30.549621,-96.637364
zip4,7784,7784,7784,30.554953,-96.288519
zip4,7785,7785,7785,30.992022,-96.393976
zip4,7786,7786,7786,30.362783,-96.042098
zip4,7787,7787,7787,30.433100,-96.426046
zip4,7788,7788,7788,30.282320,-96.173104
zip4,7790,7790,7790,28.785225,-97.013800
zip4,7795,7795,7795,29.117676,-97.282849
zip4,7796,7796,7796,29.377232,-96.834497
zip4,7797,7797,7797,28.667703,-96.607188
zip4,7798,7798,7798,28.411273,-96.591571
zip4,7799,7799,7799,29.191498,-97.055039
zip4,7800,7800,7800,29.864815,-98.653522
zip4,7801,7801,7801,28.017927,-99.421705
zip4,7802,7802,7802,30.049101,-99.292323
zip4,7803,7803,7803,29.308616,-98.828947
zip4,7804,7804,7804,27.729392,-99.590055
zip4,7805,7805,7805,29.812072,-99.320966
zip4,7806,7806,7806,28.866453,-99.085361
zip4,7807,7807,7807,28.379774,-98.473470
zip4,7810,7810,7810,28.489796,-97.713832
zip4,7811,7811,7811,28.903106,-98.067499
zip4,7812,7812,7812,28.542918,-97.966141
zip4,7813,7813,7813,29.782700,-98.164584
zip4,7814,7814,7814,29.295542,-97.744638
zip4,7815,7815,7815,29.568061,-97.935921
zip4,7816,7816,7816,29.764211,-98.454153
zip4,7820,7820,7820,29.444072,-98.522556
zip4,7821,7821,7821,29.503222,-98.398461
zip4,7822,7822,7822,29.320494,-98.397852
zip4,7823,7823,7823,29.588953,-98.476552
zip4,7824,7824,7824,29.382205,-98.761194
zip4,7825,7825,7825,29.501485,-98.736769
zip4,7826,7826,7826,29.666278,-98.372309
zip4,7833,7833,7833,27.713597,-98.071620
zip4,7834,7834,7834,27.638247,-97.848157
zip4,7835,7835,7835,27.897817,-98.587092
zip4,7836,7836,7836,27.110304,-98.783702
zip4,7837,7837,7837,28.339418,-97.170735
zip4,7838,7838,7838,27.898621,-97.799365
zip4,7839,7839,7839,28.081279,-97.367829
zip4,7840,7840,7840,27.798277,-97.470042
zip4,7841,7841,7841,27.677530,-97.423883
zip4,7850,7850,7850,26.203218,-98.244645
zip4,7851,7851,7851,26.183734,-98.116845
zip4,7852,7852,7852,25.950779,-97.428447
zip4,7853,7853,7853,26.348054,-97.992803
zip4,7854,7854,7854,26.491212,-98.231160
zip4,7855,7855,7855,26.204375,-97.695632
zip4,7856,7856,7856,26.646123,-98.251647
zip4,7857,7857,7857,26.277276,-98.374624
zip4,7858,7858,7858,26.526435,-98.826140
zip4,7859,7859,7859,26.258063,-97.824383
zip4,7860,7860,7860,30.086756,-98.478281
zip4,7861,7861,7861,30.776578,-98.285295
zip4,7862,7862,7862,30.252951,-98.913655
zip4,7863,7863,7863,30.353918,-99.330282
zip4,7864,7864,7864,30.715969,-98.733598
zip4,7865,7865,7865,30.548949,-98.235603
zip4,7866,7866,7866,30.423693,-98.183081
zip4,7867,7867,7867,30.040096,-98.130613
zip4,7868,7868,7868,30.544055,-97.726106
zip4,7870,7870,7870,30.271757,-97.732308
zip4,7871,7871,7871,30.482222,-97.755577
zip4,7872,7872,7872,30.276801,-97.641638
zip4,7873,7873,7873,30.261713,-97.928044
zip4,7874,7874,7874,30.195870,-97.778237
zip4,7875,7875,7875,30.384467,-97.697885
zip4,7880,7880,7880,29.380924,-99.881632
zip4,7882,7882,7882,28.867304,-99.584886
zip4,7883,7883,7883,28.606421,-99.742459
zip4,7884,7884,7884,29.713504,-100.911387
zip4,7885,7885,7885,30.188544,-101.902192
zip4,7886,7886,7886,29.406063,-99.096255
zip4,7887,7887,7887,29.815210,-99.737448
zip4,7888,7888,7888,29.963117,-100.347413
zip4,7893,7893,7893,29.732906,-96.476350
zip4,7894,7894,7894,30.084212,-96.898162
zip4,7895,7895,7895,29.849519,-97.353816
zip4,7896,7896,7896,29.669258,-96.743008
zip4,7900,7900,7900,35.643650,-100.091300
zip4,7901,7901,7901,34.943412,-101.879758
zip4,7902,7902,7902,36.097960,-102.601991
zip4,7903,7903,7903,34.687450,-102.784104
zip4,7904,7904,7904,34.860250,-102.491392
zip4,7905,7905,7905,34.347133,-101.753394
zip4,7906,7906,7906,35.538843,-100.704271
zip4,7907,7907,7907,36.222175,-100.783651
zip4,7908,7908,7908,34.576639,-101.769239
zip4,7909,7909,7909,35.447149,-100.210981
zip4,7910,7910,7910,35.370320,-101.866356
zip4,7911,7911,7911,35.108001,-101.876231
zip4,7912,7912,7912,35.279895,-102.026310
zip4,7920,7920,7920,34.422159,-100.213984
zip4,7922,7922,7922,33.706653,-100.768303
zip4,7923,7923,7923,33.961032,-101.302839
zip4,7924,7924,7924,33.916421,-100.283312
zip4,7925,7925,7925,34.419331,-101.234233
zip4,7926,7926,7926,34.467759,-100.859734
zip4,7931,7931,7931,33.837876,-101.955629
zip4,7932,7932,7932,32.951612,-102.895352
zip4,7933,7933,7933,32.649203,-101.888335
zip4,7934,7934,7934,34.179302,-102.829502
zip4,7935,7935,7935,33.065855,-102.829352
zip4,7936,7936,7936,32.697404,-102.676266
zip4,7937,7937,7937,33.446604,-100.867367
zip4,7938,7938,7938,33.387462,-101.933535
zip4,7940,7940,7940,33.573032,-102.035327
zip4,7941,7941,7941,33.672192,-101.904360
zip4,7942,7942,7942,33.459896,-101.886527
zip4,7950,7950,7950,32.105682,-100.343125
zip4,7951,7951,7951,33.294191,-100.742639
zip4,7952,7952,7952,33.105510,-99.654700
zip4,7953,7953,7953,32.756983,-100.230961
zip4,7954,7954,7954,32.898858,-100.595717
zip4,7955,7955,7955,32.935434,-99.847227
zip4,7956,7956,7956,32.074845,-100.005220
zip4,7960,7960,7960,32.511294,-99.700970
zip4,7969,7969,7969,32.462068,-99.715074
zip4,7970,7970,7970,31.909617,-101.997916
zip4,7971,7971,7971,32.301258,-102.642586
zip4,7972,7972,7972,32.253624,-101.513296
zip4,7973,7973,7973,30.725335,-104.006049
zip4,7974,7974,7974,30.906387,-101.930902
zip4,7975,7975,7975,31.820799,-103.531269
zip4,7976,7976,7976,31.764631,-102.354783
zip4,7977,7977,7977,31.492902,-103.742026
zip4,7978,7978,7978,30.563741,-101.773805
zip4,7982,7982,7982,31.965420,-106.602432
zip4,7983,7983,7983,32.037142,-105.123457
zip4,7984,7984,7984,31.747177,-105.530612
zip4,7985,7985,7985,29.378186,-103.567981
zip4,7990,7990,7990,31.707541,-106.326888
zip4,7991,7991,7991,31.902502,-106.536549
zip4,7992,7992,7992,31.644827,-106.157008
zip4,7993,7993,7993,31.837590,-106.020367
zip4,8000,8000,8000,39.846501,-105.139316
zip4,8001,8001,8001,39.689111,-104.755136
zip4,8002,8002,8002,39.973883,-105.073540
zip4,8003,8003,8003,39.771580,-105.102154
zip4,8004,8004,8004,39.749186,-104.836991
zip4,8010,8010,8010,39.498789,-104.068102
zip4,8011,8011,8011,39.364700,-104.410584
zip4,8012,8012,8012,39.527096,-105.077077
zip4,8013,8013,8013,39.343949,-105.050970
zip4,8020,8020,8020,39.732371,-105.015326
zip4,8021,8021,8021,39.768974,-105.023758
zip4,8022,8022,8022,39.667864,-105.112668
zip4,8023,8023,8023,39.779474,-104.839592
zip4,8024,8024,8024,39.832602,-104.705246
zip4,8026,8026,8026,39.874271,-105.005956
zip4,8029,8029,8029,39.744121,-104.986756
zip4,8030,8030,8030,40.038140,-105.322072
zip4,8031,8031,8031,40.005281,-105.263768
zip4,8040,8040,8040,39.795412,-105.284670
zip4,8041,8041,8041,39.727578,-105.201570
zip4,8042,8042,8042,39.882726,-106.589811
zip4,8043,8043,8043,39.577055,-105.453668
zip4,8044,8044,8044,39.024450,-105.883707
zip4,8045,8045,8045,40.247523,-106.387603
zip4,8046,8046,8046,40.267786,-106.872511
zip4,8047,8047,8047,40.025124,-106.911997
zip4,8048,8048,8048,40.653661,-106.559856
zip4,8049,8049,8049,39.786910,-106.236489
zip4,8050,8050,8050,40.167855,-105.112533
zip4,8051,8051,8051,40.480390,-105.673087
zip4,8052,8052,8052,40.654128,-105.011598
zip4,8053,8053,8053,40.422856,-105.151377
zip4,8054,8054,8054,40.859116,-105.683642
zip4,8055,8055,8055,40.487059,-104.888249
zip4,8060,8060,8060,39.987234,-104.789135
zip4,8061,8061,8061,40.632152,-104.353557
zip4,8062,8062,8062,40.097206,-104.785800
zip4,8063,8063,8063,40.436481,-104.702173
zip4,8064,8064,8064,40.208573,-104.513265
zip4,8065,8065,8065,40.247259,-104.822016
zip4,8070,8070,8070,40.145985,-103.839328
zip4,8072,8072,8072,40.820288,-104.238837
zip4,8073,8073,8073,40.681384,-102.481693
zip4,8074,8074,8074,40.850518,-102.479357
zip4,8075,8075,8075,40.101495,-102.239935
zip4,8080,8080,8080,39.149732,-102.274853
zip4,8081,8081,8081,38.869449,-105.259467
zip4,8082,8082,8082,39.040394,-103.485489
zip4,8083,8083,8083,38.978257,-103.955937
zip4,8084,8084,8084,39.010838,-104.861853
zip4,8086,8086,8086,38.979890,-105.033505
zip4,8090,8090,8090,39.037438,-104.694015
zip4,8091,8091,8091,38.708782,-104.754720
zip4,8092,8092,8092,38.688592,-104.453543
zip4,8093,8093,8093,38.809812,-104.509350
zip4,8095,8095,8095,38.903090,-104.642940
zip4,8100,8100,8100,38.249798,-104.682460
zip4,8101,8101,8101,37.947482,-104.838310
zip4,8102,8102,8102,37.112772,-102.624196
zip4,8103,8103,8103,38.442479,-102.766444
zip4,8104,8104,8104,37.962005,-102.272841
zip4,8105,8105,8105,37.744422,-103.541384
zip4,8106,8106,8106,37.904699,-104.808463
zip4,8107,8107,8107,37.412461,-102.667196
zip4,8108,8108,8108,37.636845,-104.711236
zip4,8109,8109,8109,38.233966,-102.869342
zip4,8110,8110,8110,37.454884,-105.832864
zip4,8112,8112,8112,37.116698,-106.219747
zip4,8113,8113,8113,37.714566,-107.149713
zip4,8114,8114,8114,37.328027,-107.007083
zip4,8115,8115,8115,37.179924,-105.611759
zip4,8120,8120,8120,38.550174,-106.088964
zip4,8121,8121,8121,38.829464,-106.328232
zip4,8122,8122,8122,38.846385,-106.905136
zip4,8123,8123,8123,38.693464,-106.245740
zip4,8124,8124,8124,38.264349,-107.164836
zip4,8125,8125,8125,38.130019,-105.358862
zip4,8130,8130,8130,37.431421,-107.828933
zip4,8132,8132,8132,37.538989,-108.364630
zip4,8133,8133,8133,37.463069,-108.898745
zip4,8140,8140,8140,38.406817,-107.865707
zip4,8141,8141,8141,38.727649,-107.939811
zip4,8142,8142,8142,38.247565,-108.689567
zip4,8143,8143,8143,37.956346,-107.952529
zip4,8150,8150,8150,39.088772,-108.593588
zip4,8152,8152,8152,38.933954,-108.337100
zip4,8160,8160,8160,39.589163,-107.316437
zip4,8161,8161,8161,40.295654,-108.817403
zip4,8162,8162,8162,39.270983,-107.608884
zip4,8163,8163,8163,39.406235,-108.474965
zip4,8164,8164,8164,40.187375,-108.090261
zip4,8165,8165,8165,39.720945,-108.093367
zip4,8200,8200,8200,41.327729,-104.806692
zip4,8205,8205,8205,41.599182,-105.683617
zip4,8206,8206,8206,40.850204,-105.982043
zip4,8207,8207,8207,41.273794,-105.778311
zip4,8208,8208,8208,41.063651,-105.533618
zip4,8219,8219,8219,44.559247,-110.589326
zip4,8220,8220,8220,42.036220,-105.053934
zip4,8221,8221,8221,42.307288,-104.599386
zip4,8222,8222,8222,41.623498,-104.352902
zip4,8224,8224,8224,42.263589,-104.177106
zip4,8230,8230,8230,41.959818,-107.576339
zip4,8231,8231,8231,42.439171,-107.885923
zip4,8232,8232,8232,42.090396,-106.109971
zip4,8233,8233,8233,41.442942,-106.753454
zip4,8240,8240,8240,44.039651,-108.094831
zip4,8241,8241,8241,44.404146,-109.492413
zip4,8242,8242,8242,44.905415,-108.524381
zip4,8243,8243,8243,44.816008,-108.177391
zip4,8244,8244,8244,43.751267,-108.296730
zip4,8245,8245,8245,44.503811,-109.436694
zip4,8250,8250,8250,43.043712,-108.374120
zip4,8251,8251,8251,43.443449,-109.447194
zip4,8252,8252,8252,42.732523,-108.854392
zip4,8260,8260,8260,42.926669,-106.473221
zip4,8262,8262,8262,42.527125,-107.085705
zip4,8263,8263,8263,42.895579,-105.656714
zip4,8264,8264,8264,43.219425,-107.890735
zip4,8270,8270,8270,43.759407,-104.328129
zip4,8271,8271,8271,44.242888,-105.653280
zip4,8272,8272,8272,44.435101,-104.744962
zip4,8273,8273,8273,44.083923,-104.689459
zip4,8280,8280,8280,44.806139,-107.001401
zip4,8283,8283,8283,44.841302,-107.510224
zip4,8284,8284,8284,44.753712,-106.698185
zip4,8290,8290,8290,41.374515,-109.073340
zip4,8292,8292,8292,42.604079,-109.355892
zip4,8293,8293,8293,41.114604,-110.802170
zip4,8294,8294,8294,41.725515,-108.913275
zip4,8300,8300,8300,43.453835,-110.632953
zip4,8301,8301,8301,43.707217,-110.624894
zip4,8302,8302,8302,43.594888,-110.828347
zip4,8310,8310,8310,41.919524,-110.683241
zip4,8311,8311,8311,42.697029,-110.206456
zip4,8312,8312,8312,43.050866,-110.704814
zip4,8320,8320,8320,42.809886,-112.467506
zip4,8321,8321,8321,42.718836,-112.958357
zip4,8322,8322,8322,43.294416,-112.573301
zip4,8323,8323,8323,42.430746,-112.085059
zip4,8324,8324,8324,42.551507,-111.879647
zip4,8325,8325,8325,43.928365,-113.876541
zip4,8326,8326,8326,43.181414,-112.807324
zip4,8327,8327,8327,44.381458,-114.823996
zip4,8328,8328,8328,43.036868,-111.366993
zip4,8330,8330,8330,42.305274,-114.545420
zip4,8331,8331,8331,42.435051,-113.740441
zip4,8332,8332,8332,43.514629,-114.831262
zip4,8333,8333,8333,43.574358,-114.305431
zip4,8334,8334,8334,42.216174,-113.330899
zip4,8335,8335,8335,42.698864,-113.608311
zip4,8340,8340,8340,43.517989,-112.021844
zip4,8341,8341,8341,43.875099,-110.953285
zip4,8342,8342,8342,43.707273,-111.222958
zip4,8343,8343,8343,43.970823,-112.573615
zip4,8344,8344,8344,43.808264,-111.737906
zip4,8345,8345,8345,43.576518,-111.131356
zip4,8346,8346,8346,44.838583,-113.807393
zip4,8350,8350,8350,46.183113,-116.871243
zip4,8352,8352,8352,45.733333,-115.378708
zip4,8353,8353,8353,46.179885,-115.314550
zip4,8354,8354,8354,45.391965,-116.244892
zip4,8355,8355,8355,45.705410,-116.272705
zip4,8360,8360,8360,43.674043,-116.687244
zip4,8361,8361,8361,44.800150,-116.637365
zip4,8362,8362,8362,42.896876,-116.125171
zip4,8363,8363,8363,44.148508,-115.298185
zip4,8364,8364,8364,43.308917,-115.590463
zip4,8365,8365,8365,42.814546,-116.505156
zip4,8366,8366,8366,44.125752,-116.685471
zip4,8367,8367,8367,45.037312,-115.393517
zip4,8368,8368,8368,43.553209,-116.560185
zip4,8370,8370,8370,43.614472,-116.252474
zip4,8371,8371,8371,43.656436,-115.921211
zip4,8372,8372,8372,43.605097,-116.206791
zip4,8380,8380,8380,47.278189,-115.848698
zip4,8381,8381,8381,47.589202,-116.484684
zip4,8382,8382,8382,46.790871,-116.506085
zip4,8383,8383,8383,47.795606,-116.606942
zip4,8384,8384,8384,48.590828,-116.402844
zip4,8385,8385,8385,46.959906,-116.908889
zip4,8386,8386,8386,47.246989,-116.551639
zip4,8387,8387,8387,47.616234,-115.923289
zip4,8400,8400,8400,40.455461,-111.723179
zip4,8401,8401,8401,41.059933,-111.230585
zip4,8402,8402,8402,40.102614,-110.604310
zip4,8403,8403,8403,40.493225,-110.716391
zip4,8404,8404,8404,40.939887,-109.848241
zip4,8405,8405,8405,40.156802,-109.991587
zip4,8406,8406,8406,41.662942,-111.138642
zip4,8407,8407,8407,40.516951,-112.343562
zip4,8408,8408,8408,40.801541,-113.618074
zip4,8409,8409,8409,40.552348,-111.760387
zip4,8410,8410,8410,40.748933,-111.750090
zip4,8411,8411,8411,40.836887,-112.038514
zip4,8412,8412,8412,40.638144,-111.722007
zip4,8413,8413,8413,40.766762,-111.887256
zip4,8415,8415,8415,40.770448,-111.889662
zip4,8418,8418,8418,40.770446,-111.901104
zip4,8430,8430,8430,41.550868,-112.391774
zip4,8431,8431,8431,41.295170,-111.691628
zip4,8432,8432,8432,41.779854,-113.415079
zip4,8433,8433,8433,41.713999,-112.274067
zip4,8434,8434,8434,41.406587,-112.192729
zip4,8440,8440,8440,41.218355,-111.993525
zip4,8441,8441,8441,41.328688,-111.962905
zip4,8450,8450,8450,39.561394,-110.850892
zip4,8451,8451,8451,37.385583,-109.435327
zip4,8452,8452,8452,39.102351,-111.187334
zip4,8453,8453,8453,37.389367,-110.479656
zip4,8454,8454,8454,39.215947,-109.384031
zip4,8460,8460,8460,40.326084,-111.544891
zip4,8462,8462,8462,39.369084,-112.550339
zip4,8463,8463,8463,39.489987,-111.895589
zip4,8464,8464,8464,39.369896,-112.311301
zip4,8465,8465,8465,39.956455,-111.698386
zip4,8466,8466,8466,40.025572,-111.518714
zip4,8470,8470,8470,38.688427,-111.741631
zip4,8471,8471,8471,37.805729,-113.738552
zip4,8472,8472,8472,37.649717,-113.160891
zip4,8473,8473,8473,38.329221,-110.347653
zip4,8474,8474,8474,37.275346,-112.149715
zip4,8475,8475,8475,37.270497,-112.717863
zip4,8476,8476,8476,37.912035,-112.743160
zip4,8477,8477,8477,38.283183,-110.928692
zip4,8478,8478,8478,37.368523,-113.486856
zip4,8479,8479,8479,37.058647,-113.573164
zip4,8500,8500,8500,33.432733,-112.108445
zip4,8501,8501,8501,33.527827,-112.081226
zip4,8502,8502,8502,33.643256,-112.077070
zip4,8503,8503,8503,33.485197,-112.212058
zip4,8504,8504,8504,33.360738,-112.046911
zip4,8505,8505,8505,33.682190,-111.974459
zip4,8508,8508,8508,33.880169,-112.124725
zip4,8511,8511,8511,33.336771,-111.405979
zip4,8512,8512,8512,32.955658,-111.539669
zip4,8513,8513,8513,32.936765,-112.254402
zip4,8514,8514,8514,33.173234,-111.616393
zip4,8517,8517,8517,33.267177,-111.111398
zip4,8519,8519,8519,32.805668,-111.793287
zip4,8520,8520,8520,33.429709,-111.665912
zip4,8521,8521,8521,33.490761,-111.535556
zip4,8522,8522,8522,33.275153,-111.944406
zip4,8523,8523,8523,33.350290,-111.786942
zip4,8524,8524,8524,33.197210,-111.867032
zip4,8525,8525,8525,33.581777,-111.828191
zip4,8526,8526,8526,33.767363,-111.660980
zip4,8528,8528,8528,33.276637,-111.837975
zip4,8529,8529,8529,33.297686,-111.738049
zip4,8530,8530,8530,33.599192,-112.177220
zip4,8531,8531,8531,33.692846,-112.196710
zip4,8532,8532,8532,33.206771,-112.702670
zip4,8533,8533,8533,33.001230,-113.027346
zip4,8534,8534,8534,33.877999,-114.299638
zip4,8535,8535,8535,33.408324,-113.041191
zip4,8536,8536,8536,32.972038,-114.049470
zip4,8537,8537,8537,33.646008,-112.359358
zip4,8538,8538,8538,33.760388,-112.334576
zip4,8539,8539,8539,33.903855,-112.919608
zip4,8550,8550,8550,33.470738,-110.782304
zip4,8553,8553,8553,33.109835,-110.193705
zip4,8554,8554,8554,34.190021,-111.431006
zip4,8555,8555,8555,33.948401,-111.035116
zip4,8560,8560,8560,31.533587,-109.338498
zip4,8561,8561,8561,31.656327,-109.645811
zip4,8562,8562,8562,31.867464,-109.637688
zip4,8563,8563,8563,32.022165,-112.278275
zip4,8564,8564,8564,32.481449,-110.119268
zip4,8565,8565,8565,32.415387,-111.333425
zip4,8570,8570,8570,32.155753,-110.938141
zip4,8571,8571,8571,32.258321,-110.895797
zip4,8572,8572,8572,32.181318,-110.964984
zip4,8573,8573,8573,31.966773,-111.382019
zip4,8574,8574,8574,32.336432,-111.146303
zip4,8575,8575,8575,32.072539,-110.934504
zip4,8590,8590,8590,34.214464,-110.127248
zip4,8591,8591,8591,34.156862,-110.435543
zip4,8592,8592,8592,33.608708,-109.200586
zip4,8593,8593,8593,34.437280,-109.272888
zip4,8594,8594,8594,33.852857,-110.075345
zip4,8600,8600,8600,35.325378,-111.539577
zip4,8601,8601,8601,35.749396,-111.614931
zip4,8602,8602,8602,36.080164,-111.652906
zip4,8603,8603,8603,36.647998,-110.218986
zip4,8604,8604,8604,35.080807,-110.798433
zip4,8605,8605,8605,36.315677,-112.168126
zip4,8630,8630,8630,34.695396,-112.542023
zip4,8631,8631,8631,34.670845,-112.301889
zip4,8632,8632,8632,35.367696,-112.658188
zip4,8633,8633,8633,34.373143,-112.401258
zip4,8634,8634,8634,34.181480,-112.302857
zip4,8635,8635,8635,34.773036,-111.774866
zip4,8640,8640,8640,34.480242,-114.189558
zip4,8641,8641,8641,35.142698,-114.257279
zip4,8642,8642,8642,35.236396,-114.489904
zip4,8643,8643,8643,34.672619,-113.986540
zip4,8644,8644,8644,35.763855,-114.297344
zip4,8650,8650,8650,35.668903,-109.715286
zip4,8651,8651,8651,36.911530,-109.371222
zip4,8652,8652,8652,36.080881,-109.952170
zip4,8653,8653,8653,36.808138,-109.895608
zip4,8654,8654,8654,36.611617,-109.384095
zip4,8655,8655,8655,36.234094,-109.170174
zip4,8700,8700,8700,34.589022,-106.986693
zip4,8701,8701,8701,35.924816,-107.264393
zip4,8702,8702,8702,36.392499,-107.061060
zip4,8703,8703,8703,34.318984,-106.218722
zip4,8704,8704,8704,35.242118,-106.361382
zip4,8705,8705,8705,35.186007,-105.935731
zip4,8706,8706,8706,34.484987,-105.859354
zip4,8707,8707,8707,35.024909,-105.735722
zip4,8708,8708,8708,35.645266,-106.364207
zip4,8710,8710,8710,35.032140,-106.641839
zip4,8711,8711,8711,35.120064,-106.542889
zip4,8712,8712,8712,35.134321,-106.816518
zip4,8714,8714,8714,35.340311,-106.723430
zip4,8715,8715,8715,35.007574,-106.860427
zip4,8730,8730,8730,35.438932,-108.731059
zip4,8731,8731,8731,35.758528,-108.382799
zip4,8732,8732,8732,35.956408,-108.710451
zip4,8734,8734,8734,35.409614,-108.455938
zip4,8735,8735,8735,34.869119,-108.341442
zip4,8736,8736,8736,36.122943,-108.713192
zip4,8737,8737,8737,35.661442,-108.798318
zip4,8740,8740,8740,36.767301,-108.203511
zip4,8741,8741,8741,36.548454,-108.409938
zip4,8742,8742,8742,36.698135,-108.968531
zip4,8745,8745,8745,36.268948,-108.724080
zip4,8746,8746,8746,36.408027,-108.883590
zip4,8749,8749,8749,36.328705,-108.226280
zip4,8750,8750,8750,35.659812,-105.988335
zip4,8751,8751,8751,36.433442,-106.504153
zip4,8752,8752,8752,36.801529,-106.704122
zip4,8753,8753,8753,36.375939,-106.128336
zip4,8754,8754,8754,35.418143,-105.882073
zip4,8755,8755,8755,36.282849,-105.590890
zip4,8756,8756,8756,35.310586,-105.526590
zip4,8757,8757,8757,36.629689,-106.620100
zip4,8758,8758,8758,36.516180,-106.157753
zip4,8770,8770,8770,35.497603,-104.984746
zip4,8771,8771,8771,35.227173,-105.121725
zip4,8772,8772,8772,36.322301,-104.814888
zip4,8773,8773,8773,35.741319,-103.795113
zip4,8774,8774,8774,36.612442,-104.256125
zip4,8775,8775,8775,36.006729,-104.601761
zip4,8780,8780,8780,34.053663,-106.909983
zip4,8782,8782,8782,33.892195,-107.915290
zip4,8783,8783,8783,33.717108,-108.711052
zip4,8790,8790,8790,33.185376,-106.939614
zip4,8793,8793,8793,33.316333,-107.332468
zip4,8794,8794,8794,33.399966,-107.836574
zip4,8800,8800,8800,32.365960,-106.947240
zip4,8801,8801,8801,32.523052,-106.631901
zip4,8802,8802,8802,31.846356,-107.728691
zip4,8803,8803,8803,32.228768,-107.749602
zip4,8804,8804,8804,32.897934,-107.789070
zip4,8805,8805,8805,32.907770,-108.888135
zip4,8806,8806,8806,32.584445,-108.466523
zip4,8807,8807,8807,32.154569,-106.598665
zip4,8808,8808,8808,32.226779,-106.277011
zip4,8810,8810,8810,34.535742,-103.281353
zip4,8811,8811,8811,34.109895,-104.447242
zip4,8812,8812,8812,33.736895,-103.253460
zip4,8813,8813,8813,34.295599,-103.420909
zip4,8820,8820,8820,33.497364,-104.321911
zip4,8821,8821,8821,32.715304,-104.250693
zip4,8822,8822,8822,32.357517,-104.378289
zip4,8823,8823,8823,33.148669,-104.397613
zip4,8824,8824,8824,32.716725,-103.439551
zip4,8825,8825,8825,32.212634,-103.527576
zip4,8826,8826,8826,33.180280,-103.412717
zip4,8830,8830,8830,33.725843,-105.870505
zip4,8831,8831,8831,33.952029,-105.254502
zip4,8832,8832,8832,34.796525,-105.395670
zip4,8833,8833,8833,32.992481,-105.891233
zip4,8834,8834,8834,32.523188,-105.288449
zip4,8835,8835,8835,34.523129,-105.102357
zip4,8840,8840,8840,35.074665,-103.841027
zip4,8841,8841,8841,34.932170,-104.245241
zip4,8842,8842,8842,36.421019,-103.743445
zip4,8843,8843,8843,35.099490,-104.650673
zip4,8900,8900,8900,37.397881,-114.407496
zip4,8901,8901,8901,37.724925,-115.208608
zip4,8902,8902,8902,36.701001,-114.729122
zip4,8903,8903,8903,36.225423,-115.153285
zip4,8904,8904,8904,35.600208,-114.874658
zip4,8905,8905,8905,35.977117,-115.117590
zip4,8906,8906,8906,36.344130,-116.059783
zip4,8907,8907,8907,36.040286,-115.070426
zip4,8908,8908,8908,36.281959,-115.143264
zip4,8910,8910,8910,36.170692,-115.171044
zip4,8911,8911,8911,36.074696,-115.198904
zip4,8912,8912,8912,36.308379,-115.749971
zip4,8913,8913,8913,36.120137,-115.379301
zip4,8914,8914,8914,36.111796,-115.283093
zip4,8915,8915,8915,36.166464,-114.962955
zip4,8916,8916,8916,36.191444,-115.411966
zip4,8917,8917,8917,35.908985,-115.320238
zip4,8918,8918,8918,35.987443,-115.164648
zip4,8919,8919,8919,36.242512,-115.021677
zip4,8930,8930,8930,39.449005,-114.994044
zip4,8931,8931,8931,39.439211,-117.190832
zip4,8940,8940,8940,39.510019,-118.824095
zip4,8941,8941,8941,41.088589,-119.836681
zip4,8942,8942,8942,41.855080,-118.011369
zip4,8943,8943,8943,39.559210,-119.439830
zip4,8944,8944,8944,41.181600,-117.992000
zip4,8945,8945,8945,39.240820,-119.934369
zip4,8946,8946,8946,38.904600,-119.789603
zip4,8949,8949,8949,39.218109,-118.589267
zip4,8950,8950,8950,39.700626,-119.880899
zip4,8951,8951,8951,39.934107,-119.803750
zip4,8952,8952,8952,39.363602,-119.677929
zip4,8955,8955,8955,39.541213,-119.815501
zip4,8970,8970,8970,39.200637,-119.787463
zip4,8980,8980,8980,41.236243,-115.785058
zip4,8981,8981,8981,40.535097,-115.568080
zip4,8982,8982,8982,40.405538,-116.672991
zip4,8983,8983,8983,41.300134,-115.016025
zip4,8988,8988,8988,40.963309,-114.130046
zip4,9000,9000,9000,33.961527,-118.257450
zip4,9001,9001,9001,34.030199,-118.339474
zip4,9002,9002,9002,34.021761,-118.187325
zip4,9003,9003,9003,34.046092,-118.385835
zip4,9004,9004,9004,33.954069,-118.404201
zip4,9005,9005,9005,34.000547,-118.212353
zip4,9006,9006,9006,34.126766,-118.333275
zip4,9007,9007,9007,34.112305,-118.456267
zip4,9008,9008,9008,34.021743,-118.285943
zip4,9009,9009,9009,34.069745,-118.442423
zip4,9020,9020,9020,33.975262,-118.173580
zip4,9021,9021,9021,34.109573,-118.415334
zip4,9022,9022,9022,33.887011,-118.228215
zip4,9023,9023,9023,34.003272,-118.397130
zip4,9024,9024,9024,33.939605,-118.128918
zip4,9025,9025,9025,33.919973,-118.345790
zip4,9026,9026,9026,34.072646,-118.882545
zip4,9027,9027,9027,34.083776,-118.553556
zip4,9028,9028,9028,33.937302,-118.183958
zip4,9029,9029,9029,34.100929,-118.613320
zip4,9030,9030,9030,33.957441,-118.345379
zip4,9040,9040,9040,34.021817,-118.480103
zip4,9050,9050,9050,33.836884,-118.331235
zip4,9060,9060,9060,33.989675,-118.039035
zip4,9062,9062,9062,33.856031,-118.011399
zip4,9063,9063,9063,33.922843,-117.951480
zip4,9064,9064,9064,33.999992,-118.114350
zip4,9065,9065,9065,33.912174,-118.080051
zip4,9066,9066,9066,33.993561,-118.088296
zip4,9067,9067,9067,33.924392,-118.058781
zip4,9068,9068,9068,33.786545,-117.991803
zip4,9070,9070,9070,33.396261,-118.420922
zip4,9071,9071,9071,33.839114,-118.090725
zip4,9072,9072,9072,33.797972,-118.059296
zip4,9073,9073,9073,33.739499,-118.281339
zip4,9074,9074,9074,33.750883,-118.072701
zip4,9075,9075,9075,33.798928,-118.164796
zip4,9080,9080,9080,33.761763,-118.131967
zip4,9081,9081,9081,33.797130,-118.117115
zip4,9082,9082,9082,33.777999,-118.118503
zip4,9083,9083,9083,33.768256,-118.200546
zip4,9084,9084,9084,33.783670,-118.121351
zip4,9100,9100,9100,34.145596,-118.043611
zip4,9101,9101,9101,34.137118,-117.979378
zip4,9102,9102,9102,34.175895,-118.038257
zip4,9103,9103,9103,34.116371,-118.153141
zip4,9104,9104,9104,34.304572,-118.250795
zip4,9110,9110,9110,34.158026,-118.127258
zip4,9112,9112,9112,34.135149,-118.126985
zip4,9120,9120,9120,34.169852,-118.243219
zip4,9121,9121,9121,34.236703,-118.245843
zip4,9130,9130,9130,34.120633,-118.739004
zip4,9131,9131,9131,34.294296,-118.614517
zip4,9132,9132,9132,34.371808,-118.498173
zip4,9133,9133,9133,34.203183,-118.539231
zip4,9134,9134,9134,34.305326,-118.434543
zip4,9135,9135,9135,34.441776,-118.523667
zip4,9136,9136,9136,34.185074,-118.840649
zip4,9137,9137,9137,34.187115,-118.767500
zip4,9138,9138,9138,34.481372,-118.647436
zip4,9139,9139,9139,34.526635,-118.299557
zip4,9140,9140,9140,34.190481,-118.484646
zip4,9141,9141,9141,34.176658,-118.460701
zip4,9142,9142,9142,34.149805,-118.433231
zip4,9143,9143,9143,34.155817,-118.491129
zip4,9150,9150,9150,34.183338,-118.325539
zip4,9160,9160,9160,34.179837,-118.389955
zip4,9170,9170,9170,33.937226,-117.701268
zip4,9171,9171,9171,34.003413,-117.692451
zip4,9172,9172,9172,34.079276,-117.870592
zip4,9173,9173,9173,34.148598,-117.548772
zip4,9174,9174,9174,34.009823,-117.951724
zip4,9175,9175,9175,34.213076,-117.698309
zip4,9176,9176,9176,34.026911,-117.606256
zip4,9177,9177,9177,34.088060,-118.091451
zip4,9178,9178,9178,34.126959,-117.656729
zip4,9179,9179,9179,34.046045,-117.899486
zip4,9180,9180,9180,34.085163,-118.135137
zip4,9190,9190,9190,32.679659,-116.380552
zip4,9191,9191,9191,32.629872,-117.025441
zip4,9193,9193,9193,32.702808,-116.789414
zip4,9194,9194,9194,32.879690,-116.472128
zip4,9195,9195,9195,32.665643,-117.090988
zip4,9196,9196,9196,32.796281,-116.529217
zip4,9197,9197,9197,32.717627,-116.963507
zip4,9198,9198,9198,32.592211,-116.631952
zip4,9200,9200,9200,33.150154,-116.064554
zip4,9201,9201,9201,32.782014,-116.877879
zip4,9202,9202,9202,32.824102,-116.920513
zip4,9203,9203,9203,32.992641,-116.396671
zip4,9204,9204,9204,32.897905,-116.881375
zip4,9205,9205,9205,33.309010,-117.373256
zip4,9206,9206,9206,33.029179,-116.881897
zip4,9207,9207,9207,33.167109,-116.727819
zip4,9208,9208,9208,33.259146,-117.032319
zip4,9209,9209,9209,33.056703,-117.190634
zip4,9210,9210,9210,32.750326,-117.133168
zip4,9211,9211,9211,32.756057,-117.082991
zip4,9212,9212,9212,32.803904,-117.100146
zip4,9213,9213,9213,32.877792,-117.062793
zip4,9214,9214,9214,32.852925,-117.149752
zip4,9215,9215,9215,32.592049,-117.074880
zip4,9216,9216,9216,32.874409,-117.231527
zip4,9217,9217,9217,32.558136,-117.052684
zip4,9218,9218,9218,32.774688,-117.074882
zip4,9220,9220,9220,33.729230,-116.221222
zip4,9221,9221,9221,33.733076,-116.327672
zip4,9222,9222,9222,32.984533,-115.349155
zip4,9223,9223,9223,32.686594,-115.562250
zip4,9224,9224,9224,32.766778,-115.609334
zip4,9225,9225,9225,32.812614,-115.907450
zip4,9226,9226,9226,33.107802,-114.971084
zip4,9227,9227,9227,34.078818,-115.965276
zip4,9228,9228,9228,34.244168,-116.481115
zip4,9230,9230,9230,34.162894,-116.844544
zip4,9231,9231,9231,35.006165,-117.026877
zip4,9232,9232,9232,36.424529,-116.888762
zip4,9233,9233,9233,34.882106,-115.197573
zip4,9234,9234,9234,34.361384,-117.345201
zip4,9235,9235,9235,34.504773,-116.895586
zip4,9236,9236,9236,34.881746,-116.509266
zip4,9237,9237,9237,34.422786,-117.553872
zip4,9238,9238,9238,35.974274,-116.176839
zip4,9239,9239,9239,34.358562,-117.702356
zip4,9240,9240,9240,34.212608,-117.361924
zip4,9241,9241,9241,34.112195,-117.322032
zip4,9250,9250,9250,33.924087,-117.399692
zip4,9251,9251,9251,33.891731,-117.270222
zip4,9252,9252,9252,33.970414,-117.327573
zip4,9253,9253,9253,33.543242,-116.715342
zip4,9254,9254,9254,33.707859,-116.918500
zip4,9255,9255,9255,33.926828,-117.165171
zip4,9256,9256,9256,33.649357,-116.598001
zip4,9257,9257,9257,33.801752,-117.312737
zip4,9258,9258,9258,33.810036,-116.975452
zip4,9259,9259,9259,33.578771,-117.030734
zip4,9260,9260,9260,33.628239,-117.797445
zip4,9261,9261,9261,33.666685,-117.773292
zip4,9262,9262,9262,33.668208,-117.911163
zip4,9263,9263,9263,33.645618,-117.679499
zip4,9264,9264,9264,33.690537,-118.000407
zip4,9265,9265,9265,33.563753,-117.769928
zip4,9266,9266,9266,33.636457,-117.874952
zip4,9267,9267,9267,33.707083,-117.588021
zip4,9268,9268,9268,33.621004,-117.611292
zip4,9269,9269,9269,33.564015,-117.637399
zip4,9270,9270,9270,33.724589,-117.902396
zip4,9278,9278,9278,33.740416,-117.819657
zip4,9280,9280,9280,33.834972,-117.928688
zip4,9282,9282,9282,33.925638,-117.839851
zip4,9283,9283,9283,33.889903,-117.928189
zip4,9284,9284,9284,33.766683,-117.939975
zip4,9286,9286,9286,33.803076,-117.788430
zip4,9287,9287,9287,33.877898,-117.534746
zip4,9288,9288,9288,33.838804,-117.574348
zip4,9300,9300,9300,34.345333,-119.315129
zip4,9301,9301,9301,34.414932,-118.899765
zip4,9302,9302,9302,34.535625,-119.233197
zip4,9303,9303,9303,34.215730,-119.183890
zip4,9304,9304,9304,34.634933,-118.979705
zip4,9306,9306,9306,34.345851,-119.095441
zip4,9310,9310,9310,34.526438,-119.801260
zip4,9311,9311,9311,34.502983,-120.093865
zip4,9320,9320,9320,35.434317,-119.452233
zip4,9321,9321,9321,36.176495,-120.461877
zip4,9322,9322,9322,36.304650,-119.065003
zip4,9323,9323,9323,36.285984,-119.604323
zip4,9324,9324,9324,36.212700,-119.082865
zip4,9325,9325,9325,34.838726,-119.498480
zip4,9326,9326,9326,35.497042,-119.300223
zip4,9327,9327,9327,36.167313,-119.398827
zip4,9328,9328,9328,35.659742,-119.445136
zip4,9329,9329,9329,36.367436,-119.349453
zip4,9330,9330,9330,35.353647,-118.978688
zip4,9331,9331,9331,35.191363,-119.118656
zip4,9340,9340,9340,35.279114,-120.730435
zip4,9341,9341,9341,35.304189,-120.658103
zip4,9342,9342,9342,35.858463,-120.959064
zip4,9343,9343,9343,34.646411,-120.404436
zip4,9344,9344,9344,35.653758,-120.730599
zip4,9345,9345,9345,34.940517,-120.316352
zip4,9346,9346,9346,35.638133,-120.289241
zip4,9350,9350,9350,35.089639,-118.265447
zip4,9351,9351,9351,37.437548,-118.610582
zip4,9352,9352,9352,37.800815,-119.126141
zip4,9353,9353,9353,34.724300,-118.191472
zip4,9354,9354,9354,37.987620,-119.027473
zip4,9355,9355,9355,35.370630,-117.748871
zip4,9356,9356,9356,35.086189,-118.525894
zip4,9358,9358,9358,35.110924,-118.570662
zip4,9359,9359,9359,34.609279,-117.838587
zip4,9360,9360,9360,36.472539,-120.328792
zip4,9361,9361,9361,37.088423,-120.285807
zip4,9362,9362,9362,36.892682,-120.548327
zip4,9363,9363,9363,37.212695,-118.969006
zip4,9364,9364,9364,36.648279,-120.444621
zip4,9365,9365,9365,36.718067,-119.470650
zip4,9366,9366,9366,36.636439,-120.257008
zip4,9367,9367,9367,36.749438,-119.189927
zip4,9370,9370,9370,36.695467,-119.893066
zip4,9371,9371,9371,36.824084,-119.837089
zip4,9372,9372,9372,36.794427,-119.925424
zip4,9373,9373,9373,36.916382,-119.750156
zip4,9374,9374,9374,36.812203,-119.743518
zip4,9390,9390,9390,36.636215,-121.608194
zip4,9392,9392,9392,36.556946,-121.430554
zip4,9393,9393,9393,36.169707,-121.105940
zip4,9394,9394,9394,36.582321,-121.865490
zip4,9395,9395,9395,36.191042,-120.886212
zip4,9396,9396,9396,36.399772,-121.303722
zip4,9400,9400,9400,37.515247,-122.295498
zip4,9401,9401,9401,37.432421,-122.386167
zip4,9402,9402,9402,37.294128,-122.229207
zip4,9403,9403,9403,37.530238,-122.490717
zip4,9404,9404,9404,37.396024,-122.073949
zip4,9406,9406,9406,37.205462,-122.324814
zip4,9407,9407,9407,37.329946,-122.351499
zip4,9408,9408,9408,37.656230,-122.418420
zip4,9410,9410,9410,37.780246,-122.411014
zip4,9411,9411,9411,37.756812,-122.424937
zip4,9412,9412,9412,37.776270,-122.494750
zip4,9413,9413,9413,37.723078,-122.484153
zip4,9415,9415,9415,37.777968,-122.390447
zip4,9418,9418,9418,37.741046,-122.380617
zip4,9430,9430,9430,37.427214,-122.147372
zip4,9440,9440,9440,37.545580,-122.294068
zip4,9450,9450,9450,38.206908,-122.222062
zip4,9451,9451,9451,37.908476,-121.803413
zip4,9452,9452,9452,37.818031,-121.989240
zip4,9453,9453,9453,37.542957,-121.954059
zip4,9454,9454,9454,37.902020,-122.125076
zip4,9455,9455,9455,37.563741,-121.632106
zip4,9456,9456,9456,38.675215,-122.432506
zip4,9457,9457,9457,38.539293,-122.384153
zip4,9458,9458,9458,37.606376,-121.851664
zip4,9459,9459,9459,37.891554,-122.033617
zip4,9460,9460,9460,37.792938,-122.240740
zip4,9461,9461,9461,37.813835,-122.244847
zip4,9462,9462,9462,37.732653,-122.211037
zip4,9470,9470,9470,37.889815,-122.274870
zip4,9471,9471,9471,37.872624,-122.302849
zip4,9472,9472,9472,37.869798,-122.251171
zip4,9480,9480,9480,37.950224,-122.335570
zip4,9490,9490,9490,38.001894,-122.521131
zip4,9492,9492,9492,37.965899,-122.739677
zip4,9493,9493,9493,38.122032,-122.916339
zip4,9494,9494,9494,38.102857,-122.610459
zip4,9495,9495,9495,38.174748,-122.727912
zip4,9496,9496,9496,37.857616,-122.558999
zip4,9497,9497,9497,38.235856,-122.889931
zip4,9500,9500,9500,37.149911,-122.145301
zip4,9501,9501,9501,37.302885,-122.084069
zip4,9502,9502,9502,36.915295,-121.386468
zip4,9503,9503,9503,37.182001,-121.961446
zip4,9504,9504,9504,36.487422,-120.959695
zip4,9505,9505,9505,37.371327,-121.965218
zip4,9506,9506,9506,37.043156,-122.008019
zip4,9507,9507,9507,36.809544,-121.181551
zip4,9511,9511,9511,37.231726,-121.789963
zip4,9512,9512,9512,37.228738,-121.862037
zip4,9513,9513,9513,37.225440,-121.583496
zip4,9514,9514,9514,37.356055,-121.659973
zip4,9520,9520,9520,37.938847,-121.372706
zip4,9521,9521,9521,38.005264,-121.464999
zip4,9522,9522,9522,38.435848,-119.877872
zip4,9523,9523,9523,38.026494,-120.950397
zip4,9524,9524,9524,38.218560,-120.558052
zip4,9525,9525,9525,38.167976,-120.871916
zip4,9530,9530,9530,37.356494,-120.125694
zip4,9531,9531,9531,37.699463,-120.047128
zip4,9532,9532,9532,37.770013,-120.416710
zip4,9533,9533,9533,37.498793,-119.967443
zip4,9534,9534,9534,37.336006,-120.453817
zip4,9535,9535,9535,37.628135,-121.046621
zip4,9536,9536,9536,37.371386,-121.235836
zip4,9537,9537,9537,37.980319,-120.306459
zip4,9538,9538,9538,37.678016,-120.628648
zip4,9539,9539,9539,37.778225,-121.620486
zip4,9540,9540,9540,38.463788,-122.695407
zip4,9541,9541,9541,38.704133,-123.280984
zip4,9542,9542,9542,38.810906,-122.949033
zip4,9543,9543,9543,39.113866,-123.627289
zip4,9544,9544,9544,38.617376,-122.911843
zip4,9545,9545,9545,38.992739,-122.859215
zip4,9546,9546,9546,39.385542,-123.083328
zip4,9547,9547,9547,38.234946,-122.431074
zip4,9548,9548,9548,39.149914,-123.239075
zip4,9549,9549,9549,39.498361,-123.321775
zip4,9550,9550,9550,40.728571,-124.111455
zip4,9551,9551,9551,40.258803,-123.641937
zip4,9552,9552,9552,40.454319,-123.762668
zip4,9553,9553,9553,41.790466,-124.135098
zip4,9554,9554,9554,40.181579,-124.139997
zip4,9555,9555,9555,40.243184,-123.857272
zip4,9556,9556,9556,41.950059,-124.113011
zip4,9557,9557,9557,41.105837,-124.088851
zip4,9558,9558,9558,39.970472,-123.927100
zip4,9559,9559,9559,40.114258,-123.254758
zip4,9560,9560,9560,38.749865,-122.145347
zip4,9561,9561,9561,38.544581,-121.744261
zip4,9562,9562,9562,38.393312,-121.739601
zip4,9563,9563,9563,38.313390,-121.193812
zip4,9564,9564,9564,38.347130,-120.844091
zip4,9565,9565,9565,38.549969,-121.283068
zip4,9566,9566,9566,38.735830,-120.838407
zip4,9567,9567,9567,38.949362,-121.487026
zip4,9568,9568,9568,38.550721,-121.019995
zip4,9569,9569,9569,38.657356,-121.887768
zip4,9570,9570,9570,38.746814,-120.675266
zip4,9571,9571,9571,39.103249,-120.902213
zip4,9572,9572,9572,39.000942,-121.038461
zip4,9573,9573,9573,38.829802,-120.181397
zip4,9574,9574,9574,38.566077,-121.200518
zip4,9575,9575,9575,38.339106,-121.428982
zip4,9576,9576,9576,38.679710,-121.052188
zip4,9577,9577,9577,38.698014,-121.702856
zip4,9581,9581,9581,38.590548,-121.464239
zip4,9582,9582,9582,38.538714,-121.412328
zip4,9583,9583,9583,38.688886,-121.604554
zip4,9584,9584,9584,38.670739,-121.347058
zip4,9586,9586,9586,38.585922,-121.376633
zip4,9590,9590,9590,39.226900,-121.531601
zip4,9591,9591,9591,39.431144,-121.754414
zip4,9592,9592,9592,39.473885,-121.131551
zip4,9593,9593,9593,39.611390,-121.795196
zip4,9594,9594,9594,39.139910,-121.100021
zip4,9595,9595,9595,39.350192,-120.964512
zip4,9596,9596,9596,39.725088,-122.201555
zip4,9597,9597,9597,39.271668,-122.521787
zip4,9598,9598,9598,39.517468,-122.279739
zip4,9599,9599,9599,39.034507,-121.668321
zip4,9600,9600,9600,41.144722,-121.006403
zip4,9601,9601,9601,40.906548,-123.233960
zip4,9602,9602,9602,40.331761,-122.469742
zip4,9603,9603,9603,41.637633,-123.065965
zip4,9604,9604,9604,40.649369,-123.283510
zip4,9605,9605,9605,41.868657,-122.957254
zip4,9606,9606,9606,41.764598,-122.402431
zip4,9607,9607,9607,40.389797,-122.984942
zip4,9608,9608,9608,40.165059,-122.395297
zip4,9609,9609,9609,40.922879,-122.852395
zip4,9610,9610,9610,41.608685,-120.405953
zip4,9611,9611,9611,41.280460,-120.210317
zip4,9612,9612,9612,40.827060,-120.266414
zip4,9613,9613,9613,40.537692,-120.590732
zip4,9614,9614,9614,39.136418,-120.197526
zip4,9615,9615,9615,38.860958,-120.006353
zip4,9616,9616,9616,39.316739,-120.177185
zip4,9670,9670,9670,19.294837,-155.817630
zip4,9671,9671,9671,20.750919,-156.088541
zip4,9672,9672,9672,19.671157,-155.204910
zip4,9673,9673,9673,19.901335,-155.807175
zip4,9674,9674,9674,19.716394,-155.894116
zip4,9675,9675,9675,20.190026,-155.764982
zip4,9676,9676,9676,20.841239,-156.915514
zip4,9677,9677,9677,19.472686,-154.964650
zip4,9678,9678,9678,19.816935,-155.172215
zip4,9679,9679,9679,20.710246,-156.270518
zip4,9681,9681,9681,21.319817,-157.895101
zip4,9682,9682,9682,21.291321,-157.720485
zip4,9684,9684,9684,21.298726,-157.814422
zip4,9685,9685,9685,21.484046,-158.050599
zip4,9686,9686,9686,21.436439,-157.749544
zip4,9691,9691,9691,13.396831,144.721798
zip4,9692,9692,9692,13.570991,144.883507
zip4,9695,9695,9695,14.156025,145.205930
zip4,9700,9700,9700,44.952757,-120.660389
zip4,9701,9701,9701,46.067969,-123.207888
zip4,9702,9702,9702,45.304879,-120.944482
zip4,9703,9703,9703,45.063619,-120.986331
zip4,9704,9704,9704,45.405918,-121.895565
zip4,9705,9705,9705,45.558402,-121.138849
zip4,9706,9706,9706,45.613388,-120.674190
zip4,9707,9707,9707,45.139496,-122.812503
zip4,9708,9708,9708,45.450509,-122.482944
zip4,9710,9710,9710,46.130050,-123.732644
zip4,9711,9711,9711,45.551164,-123.186799
zip4,9712,9712,9712,45.193005,-123.245482
zip4,9713,9713,9713,45.675922,-123.003091
zip4,9714,9714,9714,45.505558,-123.689908
zip4,9720,9720,9720,45.479501,-122.620967
zip4,9721,9721,9721,45.578263,-122.648938
zip4,9722,9722,9722,45.438803,-122.616043
zip4,9723,9723,9723,45.709717,-122.821066
zip4,9725,9725,9725,45.513110,-122.675120
zip4,9726,9726,9726,45.483779,-122.558258
zip4,9730,9730,9730,44.952395,-123.062249
zip4,9731,9731,9731,44.914100,-122.893755
zip4,9732,9732,9732,44.323649,-123.654026
zip4,9733,9733,9733,44.917004,-123.345752
zip4,9734,9734,9734,44.389946,-123.121800
zip4,9735,9735,9735,44.518326,-122.849335
zip4,9736,9736,9736,44.784261,-123.338038
zip4,9737,9737,9737,44.687210,-122.773360
zip4,9738,9738,9738,44.364266,-122.733720
zip4,9739,9739,9739,44.808981,-122.943792
zip4,9740,9740,9740,44.018051,-123.137821
zip4,9741,9741,9741,44.077016,-122.006511
zip4,9742,9742,9742,43.284451,-124.181537
zip4,9743,9743,9743,43.678998,-123.357766
zip4,9744,9744,9744,44.223640,-123.163801
zip4,9745,9745,9745,43.061185,-124.041671
zip4,9746,9746,9746,43.481583,-123.317888
zip4,9747,9747,9747,44.091628,-122.808976
zip4,9748,9748,9748,44.128724,-122.449243
zip4,9749,9749,9749,42.647236,-123.407432
zip4,9750,9750,9750,42.475442,-122.909588
zip4,9752,9752,9752,42.311800,-123.322569
zip4,9753,9753,9753,42.167681,-123.031683
zip4,9754,9754,9754,42.743973,-122.807156
zip4,9760,9760,9760,42.412594,-122.064580
zip4,9762,9762,9762,42.532722,-121.430482
zip4,9763,9763,9763,43.168593,-121.057903
zip4,9764,9764,9764,43.158861,-120.604814
zip4,9770,9770,9770,44.025165,-121.176396
zip4,9771,9771,9771,42.174079,-118.497104
zip4,9772,9772,9772,43.124318,-118.575358
zip4,9773,9773,9773,42.689176,-118.782323
zip4,9774,9774,9774,44.674433,-121.113686
zip4,9775,9775,9775,44.261461,-120.918549
zip4,9776,9776,9776,44.830193,-121.277675
zip4,9780,9780,9780,45.696014,-118.824301
zip4,9781,9781,9781,44.818717,-117.975110
zip4,9782,9782,9782,45.255085,-120.211557
zip4,9783,9783,9783,45.505415,-119.468300
zip4,9784,9784,9784,45.359820,-116.956678
zip4,9785,9785,9785,45.322910,-118.103737
zip4,9786,9786,9786,45.407891,-118.848841
zip4,9787,9787,9787,44.787182,-119.843111
zip4,9788,9788,9788,45.147219,-117.582535
zip4,9790,9790,9790,43.492195,-117.738830
zip4,9791,9791,9791,43.240865,-117.342384
zip4,9792,9792,9792,44.063777,-117.787185
zip4,9800,9800,9800,47.321906,-122.267639
zip4,9801,9801,9801,47.683064,-121.897463
zip4,9802,9802,9802,47.162955,-121.642552
zip4,9803,9803,9803,47.399242,-122.228146
zip4,9804,9804,9804,47.486942,-121.754276
zip4,9805,9805,9805,47.338234,-121.911228
zip4,9806,9806,9806,47.444481,-121.400579
zip4,9807,9807,9807,47.761393,-122.090502
zip4,9808,9808,9808,47.863141,-122.265706
zip4,9809,9809,9809,47.293216,-122.115293
zip4,9810,9810,9810,47.534044,-122.330481
zip4,9811,9811,9811,47.642618,-122.544639
zip4,9812,9812,9812,47.713151,-122.297520
zip4,9813,9813,9813,47.729094,-122.346058
zip4,9814,9814,9814,47.592701,-122.290426
zip4,9815,9815,9815,47.757688,-122.298690
zip4,9816,9816,9816,47.462700,-122.350865
zip4,9817,9817,9817,47.495358,-122.249472
zip4,9818,9818,9818,47.450117,-122.267067
zip4,9819,9819,9819,47.649560,-122.400954
zip4,9820,9820,9820,47.956782,-122.212242
zip4,9822,9822,9822,48.184740,-121.951216
zip4,9823,9823,9823,48.548761,-121.683039
zip4,9824,9824,9824,48.200858,-121.289049
zip4,9825,9825,9825,47.967214,-121.667193
zip4,9826,9826,9826,48.461901,-121.340274
zip4,9827,9827,9827,48.403935,-122.214750
zip4,9828,9828,9828,47.616127,-121.351062
zip4,9829,9829,9829,47.923044,-122.042425
zip4,9830,9830,9830,46.849070,-121.701999
zip4,9831,9831,9831,47.561841,-122.752851
zip4,9832,9832,9832,48.156696,-124.471796
zip4,9833,9833,9833,47.792144,-124.091619
zip4,9834,9834,9834,47.852913,-122.542910
zip4,9835,9835,9835,46.614098,-122.259462
zip4,9836,9836,9836,48.008102,-123.581135
zip4,9837,9837,9837,46.530513,-121.833306
zip4,9838,9838,9838,48.026023,-123.054596
zip4,9839,9839,9839,47.171292,-122.176527
zip4,9840,9840,9840,47.244630,-122.470114
zip4,9841,9841,9841,47.221268,-122.447077
zip4,9842,9842,9842,47.275228,-122.392293
zip4,9843,9843,9843,47.094848,-122.588599
zip4,9844,9844,9844,47.154258,-122.412412
zip4,9846,9846,9846,47.224632,-122.535806
zip4,9849,9849,9849,47.169431,-122.527161
zip4,9850,9850,9850,47.033231,-122.851627
zip4,9851,9851,9851,46.936218,-123.030952
zip4,9852,9852,9852,47.456497,-123.998400
zip4,9853,9853,9853,46.676234,-123.014842
zip4,9854,9854,9854,46.767133,-124.004911
zip4,9855,9855,9855,47.206040,-123.879430
zip4,9856,9856,9856,46.487205,-122.454949
zip4,9857,9857,9857,46.639427,-123.561662
zip4,9858,9858,9858,47.286905,-123.243954
zip4,9859,9859,9859,46.484341,-122.827388
zip4,9860,9860,9860,46.025884,-122.463564
zip4,9861,9861,9861,45.958149,-121.276274
zip4,9862,9862,9862,45.829650,-120.759711
zip4,9863,9863,9863,46.406460,-123.721468
zip4,9864,9864,9864,46.311095,-122.557952
zip4,9865,9865,9865,45.936924,-121.532234
zip4,9866,9866,9866,45.685513,-122.625193
zip4,9867,9867,9867,45.945668,-122.628708
zip4,9868,9868,9868,45.719847,-122.659899
zip4,9880,9880,9880,47.454100,-120.231689
zip4,9881,9881,9881,48.007909,-120.305096
zip4,9882,9882,9882,47.808053,-120.664533
zip4,9883,9883,9883,47.273692,-119.209201
zip4,9884,9884,9884,48.365594,-119.412268
zip4,9885,9885,9885,48.352401,-120.364621
zip4,9886,9886,9886,48.631169,-120.106086
zip4,9890,9890,9890,46.635464,-120.723252
zip4,9892,9892,9892,47.116676,-120.367027
zip4,9893,9893,9893,46.768615,-121.069833
zip4,9894,9894,9894,46.485197,-119.614485
zip4,9895,9895,9895,46.347026,-120.783243
zip4,9900,9900,9900,47.445979,-117.772606
zip4,9901,9901,9901,47.378878,-117.144898
zip4,9902,9902,9902,47.679146,-117.784505
zip4,9903,9903,9903,47.297237,-118.037692
zip4,9904,9904,9904,47.898866,-118.000316
zip4,9910,9910,9910,48.304686,-117.778054
zip4,9911,9911,9911,48.875754,-118.641896
zip4,9912,9912,9912,47.750878,-118.117441
zip4,9913,9913,9913,48.169633,-118.296123
zip4,9914,9914,9914,46.750405,-117.775189
zip4,9915,9915,9915,48.880030,-117.265746
zip4,9916,9916,9916,47.105388,-118.470773
zip4,9917,9917,9917,47.162395,-117.552137
zip4,9918,9918,9918,48.302890,-117.348920
zip4,9920,9920,9920,47.745787,-117.469599
zip4,9921,9921,9921,47.714981,-117.273598
zip4,9922,9922,9922,47.630329,-117.492594
zip4,9925,9925,9925,47.753653,-117.420230
zip4,9930,9930,9930,46.421641,-118.820712
zip4,9932,9932,9932,46.646107,-118.878433
zip4,9933,9933,9933,46.656065,-118.476775
zip4,9934,9934,9934,46.772123,-119.388684
zip4,9935,9935,9935,46.136988,-119.671675
zip4,9936,9936,9936,46.197527,-118.189877
zip4,9937,9937,9937,46.756815,-118.365666
zip4,9940,9940,9940,46.253611,-117.197092
zip4,9950,9950,9950,61.189217,-149.726838
zip4,9951,9951,9951,70.061552,-150.043066
zip4,9953,9953,9953,61.183628,-149.984117
zip4,9954,9954,9954,61.002509,-149.420446
zip4,9955,9955,9955,61.556127,-155.038122
zip4,9956,9956,9956,61.272959,-142.929126
zip4,9957,9957,9957,59.641488,-158.691137
zip4,9958,9958,9958,62.465098,-146.120367
zip4,9959,9959,9959,56.561868,-169.601842
zip4,9960,9960,9960,60.832890,-149.367804
zip4,9961,9961,9961,59.227613,-155.346201
zip4,9962,9962,9962,63.012472,-155.404003
zip4,9963,9963,9963,60.635039,-152.914738
zip4,9964,9964,9964,61.657067,-148.891021
zip4,9965,9965,9965,61.812499,-161.338784
zip4,9966,9966,9966,61.896332,-151.935298
zip4,9967,9967,9967,61.704195,-147.753892
zip4,9968,9968,9968,60.988013,-146.132517
zip4,9969,9969,9969,62.760476,-153.877549
zip4,9970,9970,9970,64.824355,-147.870035
zip4,9971,9971,9971,64.856807,-145.731201
zip4,9972,9972,9972,63.251583,-148.115764
zip4,9973,9973,9973,65.241020,-143.530335
zip4,9974,9974,9974,63.886606,-149.792833
zip4,9975,9975,9975,67.504818,-160.870776
zip4,9976,9976,9976,64.389080,-149.782286
zip4,9977,9977,9977,66.049243,-165.520154
zip4,9978,9978,9978,63.426744,-142.138455
zip4,9979,9979,9979,65.428275,-148.092646
zip4,9980,9980,9980,58.329442,-133.692828
zip4,9982,9982,9982,58.966867,-135.758491
zip4,9983,9983,9983,57.725663,-135.545622
zip4,9984,9984,9984,59.593364,-135.333782
zip4,9985,9985,9985,58.488220,-135.484414
zip4,9990,9990,9990,55.768362,-131.328189
zip4,9991,9991,9991,55.639201,-132.509792
zip4,9992,9992,9992,56.337685,-131.710338
